dwell_mean,dwell_std,dwell_median,iki_mean,iki_std,iki_cv,iki_median,typing_speed,error_rate,n_keys,mouse_n_events,mouse_speed_mean,mouse_speed_std,mouse_click_rate,mouse_move_rate,stress_label,fatigue_label,user,window_start
150.03788596491228,91.35692202494477,135.121,484.5934646464646,623.1812087258951,1.2859876457073915,264.294,0.20347442020795553,0.1391304347826087,115,12467,1108.4951291139816,3364.7731027187597,0.26002245667588053,20.534886065297187,0,0,user_1,2021-09-10 12:05:31.488128
150.5856385542169,81.82584116452698,138.63,416.14088000000004,572.878058550102,1.3766445117098371,243.35000000000002,0.19162577129372946,0.13095238095238096,84,6585,1096.7125787234315,2717.9138046611183,0.2062817583659614,13.23537100142007,0,0,user_1,2021-09-10 12:10:31.488128
166.3212514619883,159.8921492339756,137.632,391.92791463414636,508.0693429645306,1.296333647065683,234.3725,0.4061728658177825,0.09770114942528736,174,5418,1105.4237313434676,3399.7353597314773,0.133366065811419,11.6072932611205,0,0,user_1,2021-09-10 12:15:31.488128
170.8263121387283,168.3081041354499,137.632,402.07064242424246,510.6574904321873,1.2700690787898163,239.35999999999999,0.4101000082462723,0.07386363636363637,176,9338,1051.9021982977192,3256.007703164115,0.20710097609865585,17.329420723836098,0,0,user_1,2021-09-10 12:20:31.488128
128.41870731707317,90.0745167101356,125.66499999999999,264.14131513647646,444.00305385524496,1.6809299735099659,173.536,1.121307626289391,0.05365853658536585,410,11395,939.5014031464473,2251.6345717584954,0.2457606353103013,17.85024696059923,1,1,user_1,2021-09-10 12:50:31.488128
128.11886153846154,26.104448541434536,129.654,249.78391935483873,245.81484992353052,0.9841099881787433,181.022,0.2480136235943861,0.015384615384615385,65,8503,938.678156499335,2450.919310343624,0.34116556398271797,21.749987035026237,1,1,user_1,2021-09-10 12:55:31.488128
124.66959999999999,35.615907384201236,127.65899999999999,698.4663333333333,266.93237620103963,0.38216928069695505,793.8779999999999,0.12774535302645476,0.0,5,1358,1350.0109287046182,3578.087587822595,0.03668906596056358,2.9603490096929734,1,1,user_1,2021-09-10 13:00:31.488128
147.3707156862745,152.11325616108633,122.67,323.06495918367347,612.1177917426307,1.8947204713545578,182.5115,1.049364104709748,0.02912621359223301,103,3678,1168.257898872334,2333.77359942607,0.1493828483186974,13.218466911482684,1,1,user_1,2021-09-10 13:10:31.488128
191.56219834710745,222.96116700454138,125.664,359.4230714285714,692.106418644095,1.9256037624219073,194.481,0.2858304962274662,0.02459016393442623,122,10867,1235.9111317127717,2934.782583573791,0.23393507816567413,17.998714907113204,1,1,user_1,2021-09-10 13:15:31.488128
175.62402352941177,195.59261415355022,136.63350000000003,313.79525,551.5675371835515,1.7577306768778416,172.0405,0.7251376341443675,0.028735632183908046,174,8968,1201.9465840378296,2997.5923724959025,0.2728721584571476,20.445745422415282,0,1,user_1,2021-09-10 13:20:31.488128
143.50674358974356,133.06603278333324,131.648,286.59749999999997,460.51211502971404,1.6068253038833697,162.06900000000002,0.4002743520436342,0.03125,160,2052,1263.915447627951,4197.646010391972,0.03819457374235997,3.741158498064159,0,1,user_1,2021-09-10 13:25:31.488128
123.80148888888888,45.00149038169444,132.645,274.8137441860465,274.01168471219245,0.9970814433745676,195.477,0.18698483341084896,0.1111111111111111,45,5716,1224.1728296219903,3295.3318244299144,0.1355741845339901,10.66849208002031,0,1,user_1,2021-09-10 13:30:31.488128
136.21839814814814,93.87885586888672,132.6455,263.6026603773585,236.72314042296782,0.8980301643545193,194.4805,0.3572641024662027,0.08333333333333333,108,6374,1175.0596623044,2612.707989919762,0.1820355531722737,14.244282035730418,0,1,user_1,2021-09-10 13:35:31.488128
144.39266176470585,112.78443569245702,133.64350000000002,259.6045223880597,204.40584829691284,0.7873739887757607,204.443,3.9095057505092563,0.058823529411764705,68,1804,1221.9243546885846,2824.679606605812,0.03173572752383158,2.8445233670044834,0,1,user_1,2021-09-10 13:40:31.488128
199.39114720812182,208.82483522905628,140.623,604.2523915343914,881.6366455931127,1.4590536304777433,256.317,0.7249831184434677,0.04975124378109453,201,9161,943.0008967840395,2840.656676383467,0.3155324998931868,19.07557168319776,0,1,user_1,2021-09-10 13:45:31.488128
201.66886147186148,209.62628562948757,140.623,686.4400733944955,967.4255157486889,1.4093371777738737,261.79999999999995,0.49432356263055555,0.059574468085106386,235,16895,857.2828648680824,2341.4283996808363,0.4238419783210802,26.822188817059224,1,1,user_1,2021-09-10 13:50:31.488128
216.37573863636362,232.65941753166214,138.13,695.9925066666667,981.5085642904205,1.410228637361604,248.338,0.16593325397544734,0.06666666666666667,90,16592,895.5644577649724,1913.710399310432,0.3502661033051775,26.498977892357082,1,1,user_1,2021-09-10 13:55:31.488128
199.29617094017095,219.71717446645417,139.627,417.61513888888885,647.7227094909866,1.5510039008986225,239.3615,0.2607882966694487,0.02459016393442623,122,16407,1161.9097109167174,2657.6955029135524,0.3317997266520473,26.00376149178558,1,1,user_1,2021-09-10 14:00:31.488128
215.53804285714287,269.98891044823876,145.113,507.537196969697,831.4016584433824,1.6381098043795637,267.786,0.22792428702379328,0.0136986301369863,73,14721,1149.122654784174,2802.4920050704427,0.2823287794146703,23.0724424408048,1,1,user_1,2021-09-10 14:05:31.488128
500.80357142857144,575.2896075386312,179.519,1101.6554,1516.8237318756915,1.3768586182899765,442.818,0.06162712224440485,0.0,7,7432,1022.0938068310494,2655.8147798525106,0.18786167429976736,18.913250327297167,1,1,user_1,2021-09-10 14:10:31.488128
205.33652857142857,174.32515747168608,149.0995,470.5451666666667,520.8237360398233,1.1068517390781614,245.34199999999998,1.16901979649407,0.07042253521126761,71,3076,890.9352837005408,2090.5186345687266,0.08556775704233337,6.014787214536701,1,1,user_1,2021-09-10 14:15:31.488128
157.38109895833333,129.4742963903877,133.64200000000002,370.1618108108108,555.1608591912816,1.4997788615072007,195.47500000000002,0.40381525827712167,0.046632124352331605,193,5043,750.7939589633908,1560.3524607690224,0.10926785175936501,8.963667839242826,1,1,user_1,2021-09-10 14:20:31.488128
129.94971326164875,107.60318361155467,120.677,288.60602919708026,457.1624290795463,1.584036308428484,179.5195,0.636688684748457,0.06785714285714285,280,6349,1044.8015824207243,2312.9330206139766,0.11320301284308044,12.232333104760787,1,1,user_1,2021-09-10 14:25:31.488128
129.91544162436546,110.85331321529851,123.646,271.23213402061856,334.65620554124934,1.233836863576826,186.0025,0.513310381895354,0.09090909090909091,198,4396,1390.355331781673,3134.266552197952,0.08756635790123644,8.724374500370558,1,1,user_1,2021-09-10 14:30:31.488128
129.52465,32.567292121556086,130.2805,281.15220512820514,268.4545070658282,0.9548369252285009,216.422,3.6479921086634706,0.075,40,1178,1540.1833816395265,3588.988990548331,0.024576676145200167,1.9029369243854986,1,1,user_1,2021-09-10 14:35:31.488128
186.17696666666663,160.35064073817023,144.6145,619.8085948275863,744.9421640100774,1.2018906646773748,309.6715,0.8557429154035443,0.10569105691056911,123,4684,844.0535835792072,1826.3056585711997,0.2503696889447406,13.592359257650616,1,1,user_1,2021-09-10 14:40:31.488128
170.4050923076923,153.37093340206386,141.621,483.47490909090914,625.7800126748546,1.2943381360814061,249.332,0.5165141755031385,0.08542713567839195,199,9648,927.7063137497264,1975.1132845176203,0.32230019804972404,23.078193251048845,1,1,user_1,2021-09-10 14:45:31.488128
189.8031008403361,263.87607966039457,136.63400000000001,466.46319626168224,431.1473404116579,0.9242901559371633,317.152,0.22030032541999392,0.049586776859504134,121,8705,1355.487572121707,3431.2008979286556,0.16837572304411452,13.168315211143174,0,0,user_1,2021-09-10 15:40:31.488128
167.7385875,216.6992043292475,128.656,453.6091643835616,407.16746720834846,0.897617374555636,324.135,0.32520435791665625,0.06172839506172839,81,10003,1504.1276606199694,3812.743314009656,0.20534240640926338,14.766289306422232,0,0,user_1,2021-09-10 15:45:31.488128
197.62915789473686,239.32526694328305,123.668,1114.4209333333333,684.1300172800767,0.6138883404081277,1031.24,0.11406567285488352,0.05263157894736842,19,9559,1484.5393490649908,4588.792212273282,0.2705920474381441,14.719513554872375,0,0,user_1,2021-09-10 15:50:31.488128
208.5479398496241,227.5836181148344,136.63400000000001,583.2589752066116,802.9838288836361,1.3767191985330187,252.32500000000002,0.2644258092760217,0.07407407407407407,135,9762,1273.5068989434426,4188.28995836842,0.27773214949011915,15.688520275715948,0,0,user_1,2021-09-10 15:55:31.488128
253.9076275862069,296.26901534301334,151.594,540.577395522388,830.916534714438,1.5370907877335127,245.344,0.47256899810710573,0.060810810810810814,148,11190,1219.2227307139296,3610.9981689327947,0.25077900068471964,18.704956792330208,0,0,user_1,2021-09-10 16:00:31.488128
343.4371320754717,396.601612958241,172.055,624.9091555555556,811.5641672626541,1.298691433863149,291.24699999999996,0.12503385667928885,0.018518518518518517,54,9630,1155.1468395172515,2757.0981606252003,0.14844717648333056,14.883080401806277,0,0,user_1,2021-09-10 16:05:31.488128
226.82165822784805,289.021584480489,146.606,516.6488550724638,647.4136219859139,1.2531018226975639,303.19,0.19125363239357826,0.025,80,10322,1153.4284711027024,2941.0538881023062,0.17806555052189443,16.36355214748843,1,0,user_1,2021-09-10 16:10:31.488128
199.20746753246755,249.56533375949687,138.629,509.72308571428573,708.6823136595259,1.3903280693406979,248.336,0.1739955402533864,0.01282051282051282,78,8869,1156.257951797363,2866.9415270911695,0.18481599811635535,15.233103229359596,1,0,user_1,2021-09-10 16:15:31.488128
185.5401935483871,188.0923691332567,152.59,545.384037037037,660.2093368872588,1.2105402653037753,291.223,0.13681193778954648,0.0,31,8494,1333.5137752656847,3732.742924679267,0.14335195236274606,13.628436773462928,1,0,user_1,2021-09-10 16:20:31.488128
200.36963157894732,202.4840291062578,151.098,638.7448181818181,565.6168161225878,0.8855129623322995,462.278,0.09766949022488826,0.025,40,12078,1238.6830872190485,3406.4476663785777,0.24802276297961068,20.444926749786898,1,0,user_1,2021-09-10 16:25:31.488128
172.2165925925926,153.61445568226452,144.12900000000002,663.6090833333334,611.9962387998886,0.9222240234051777,466.7755,0.12109042040489497,0.034482758620689655,29,12886,986.7259540126156,2595.8555361576705,0.23202407035733655,20.661826927216634,1,0,user_1,2021-09-10 16:30:31.488128
121.39818461538462,31.383821355961175,124.668,261.53888888888883,374.70864744780687,1.4327071933344362,177.52599999999998,0.31002204447519016,0.03076923076923077,65,8662,942.9877687141204,2849.207716763675,0.1327902411655026,15.547524069794262,1,0,user_1,2021-09-10 16:35:31.488128
210.8048421052632,219.64973203318837,142.618,675.7933333333333,878.4530473785533,1.2998841569590605,457.777,0.290634371620037,0.0,19,3796,1308.7610630855686,3852.199806126677,0.13770396339619922,13.40076991155644,0,0,user_1,2021-09-10 16:50:31.488128
205.3082380952381,209.12138593192827,143.61499999999998,691.71325,851.0520191497501,1.2303537906057895,489.69100000000003,0.05169649876722929,0.0,21,6401,1318.264419583446,4138.975680836944,0.16007449546870123,13.666360050640368,0,0,user_1,2021-09-10 16:55:31.488128
187.74725,230.59123796496323,122.17200000000001,830.6123333333335,507.29012674865527,0.6107423480131187,782.4085,0.033044224320435925,0.0,8,5222,1540.7225255968385,4574.563628659486,0.13399914357621048,11.627364282946262,0,0,user_1,2021-09-10 17:00:31.488128
332.91010000000006,435.45511113702395,132.14600000000002,909.7442941176471,794.9089945636674,0.8737718936007646,770.941,0.04648020965301393,0.0,21,6771,1139.9702603971305,3568.4744799546597,0.11070187306908594,11.461214890813913,0,0,user_1,2021-09-10 17:05:31.488128
343.29675,384.12454748896465,182.01350000000002,807.8819583333333,1070.503227941094,1.3250738141863578,260.80499999999995,0.05987025062972128,0.0,30,5576,841.3428690226976,1875.439361131182,0.09721963933666049,8.87883499252225,0,0,user_1,2021-09-10 17:10:31.488128
266.3504375,259.38757238665295,159.074,822.5942068965519,1195.326491275303,1.4531180517122524,248.339,0.3034806390866675,0.0,34,6741,1163.4287339548753,2860.249260291621,0.2200439459012583,19.874114070386113,0,0,user_1,2021-09-10 17:15:31.488128
111.93120000000002,21.287467503204788,118.684,541.941,62.62455271696562,0.11555603417524346,553.52,0.01567790194453143,0.2,5,9652,1577.418671034546,3795.5390310176776,0.19571990543737566,14.714122121599626,0,0,user_1,2021-09-10 18:35:31.488128
328.1339625,375.02752782852593,178.5235,598.479328125,828.6000523271222,1.3845090605269135,237.687,0.16571335863133924,0.012345679012345678,81,15747,1408.3642216532276,3817.078167295228,0.3533609732286593,25.255308803587948,0,0,user_1,2021-09-10 18:40:31.488128
351.0832345679013,409.63882109973633,182.013,598.479328125,828.6000523271222,1.3845090605269135,237.687,0.19983173582969765,0.0,82,16955,1256.6555729489583,3394.4826516251833,0.5036773411012391,33.56006218695289,0,0,user_1,2021-09-10 18:45:31.488128
121.10845714285715,30.517965006939818,126.18,294.5507205882353,545.5161221434098,1.8520277969579624,191.98649999999998,0.337963293661834,0.04285714285714286,70,9960,1142.3292330056852,2915.487861643457,0.2033524702516028,17.069120945943748,1,1,user_1,2021-09-13 11:05:31.488128
121.10845714285715,30.517965006939818,126.18,294.5507205882353,545.5161221434098,1.8520277969579624,191.98649999999998,0.337963293661834,0.04285714285714286,70,8948,1077.3551526434342,2107.0639757282274,0.15206255900465931,14.156857141620591,1,1,user_1,2021-09-13 11:10:31.488128
105.99027272727272,78.77390705568807,103.72099999999999,313.3648,173.6148983550791,0.5540344619276929,283.756,3.5102857755561567,0.18181818181818182,11,9275,1108.473530880565,2104.970824079551,0.20268623992371537,14.824809398420415,1,1,user_1,2021-09-13 11:15:31.488128
105.99027272727272,78.77390705568807,103.72099999999999,313.3648,173.6148983550791,0.5540344619276929,283.756,3.5102857755561567,0.18181818181818182,11,11198,1014.8196043458709,1983.8337978127897,0.2437166403041493,17.72287376787091,1,1,user_1,2021-09-13 11:20:31.488128
292.14603636363637,380.2351393568227,157.577,818.4220434782611,1046.8480898993885,1.2791054422854078,430.84850000000006,0.09907230848693838,0.07142857142857142,56,11258,969.0080248235404,2171.940920053541,0.18334250565332033,17.595880292564573,1,1,user_1,2021-09-13 11:35:31.488128
242.93998214285713,279.62416767807144,153.588,805.4188958333334,1047.2219251851232,1.3002202091392532,354.0535,0.28944595499404846,0.10526315789473684,57,10530,885.9878895491,1859.422026322456,0.31401285274722746,24.524894444640882,1,1,user_1,2021-09-13 11:40:31.488128
145.77683333333334,49.30821766258243,128.1575,996.4357,1081.885901444125,1.0857558610597,628.3195000000001,0.022858651106109993,0.23076923076923078,13,7867,1168.8821675443733,2608.991838084103,0.1750134337394848,12.189268961303355,1,1,user_1,2021-09-13 11:45:31.488128
175.86316666666667,51.113701256773275,183.01,1237.8902,1387.0985249522475,1.1205343777277237,799.861,0.024960934977859096,0.14285714285714285,7,8878,1229.7915956460954,2659.050217701821,0.17084118755454578,13.496453816809115,1,1,user_1,2021-09-13 11:50:31.488128
289.5595,349.6035947416731,161.06900000000002,350.06475,83.74168346120507,0.23921769747226784,335.10450000000003,0.011627223606956727,0.0,6,11529,1191.8862411219677,2518.8288341877683,0.20191072187700318,17.766474841524403,1,1,user_1,2021-09-13 12:00:31.488128
209.80199115044252,253.0061281081835,146.60799999999998,465.7455140186916,651.7740319906483,1.3994209549477075,264.29,0.19207371101607093,0.15789473684210525,114,7377,1268.530754072193,3351.578988110796,0.14020488771163295,11.697093489084807,0,1,user_1,2021-09-13 12:10:31.488128
199.9159205298013,217.23065154149012,144.614,511.03379310344826,791.7202450491105,1.549252232892636,254.31900000000002,0.4404075720417777,0.12987012987012986,154,12996,1063.7817547166064,3195.602205253487,0.3355741474088294,20.933756110217125,0,1,user_1,2021-09-13 12:15:31.488128
192.50629166666667,199.7757984839833,140.1255,533.3647906976744,953.6743611409494,1.7880339643220242,233.376,0.10593107405685454,0.1,50,11688,821.0555502522523,1800.3152845604313,0.2892011111514581,18.557349912672464,0,1,user_1,2021-09-13 12:20:31.488128
247.27727083333335,299.4229102617332,135.1395,437.29629268292695,611.3409390476497,1.398001650773011,255.31799999999998,0.11239473761755936,0.21568627450980393,51,11150,764.072161769683,1669.6649863199325,0.21151093329287304,17.936127143235634,0,1,user_1,2021-09-13 12:25:31.488128
271.86569736842097,306.4821159473211,163.0655,484.8520147058823,639.9993162276547,1.3199889797630042,254.32049999999998,0.3273324985636422,0.10126582278481013,79,10246,943.4051135358468,2506.5628682504116,0.22857397960692555,18.37397555741901,0,1,user_1,2021-09-13 12:30:31.488128
261.0126052631579,287.51334040490354,176.528,519.0316774193549,647.4176464111548,1.2473567116946307,258.306,0.07393587840511665,0.0,38,5642,1041.8168738289187,3144.8747623383733,0.09034300950862607,9.459955514893634,0,1,user_1,2021-09-13 12:35:31.488128
229.67228571428572,271.3694034323658,126.66199999999999,294.61159999999995,195.37677014246088,0.6631672688463758,305.181,0.02552797532956042,0.0,9,4580,791.0314322965078,1752.3133574512635,0.09055004937952907,9.673763608713022,1,1,user_1,2021-09-13 12:40:31.488128
376.6613333333333,403.45918433508655,167.55700000000002,291.96925,225.49847669459618,0.7723363905431692,310.171,4.281272771019551,0.0,5,3679,931.7550193545641,2249.0214024325596,0.06871185860243134,5.957820910527888,1,1,user_1,2021-09-13 12:45:31.488128
323.7861162790698,389.2938978137952,153.589,541.1641388888888,864.8612881755631,1.598149666663584,231.88,0.21666247609526373,0.046511627906976744,43,6716,987.4059607403798,2629.843832035853,0.1614590632819607,11.889258296217104,1,1,user_1,2021-09-13 12:50:31.488128
202.19030392156864,235.82679859049972,142.62,454.7789274611399,658.3402214164428,1.4476049387154089,236.368,0.371532444586247,0.10526315789473684,209,11018,859.6349163634371,2110.5201636492925,0.25197626402282536,17.785185575862734,1,1,user_1,2021-09-13 12:55:31.488128
165.41445291479818,155.8802721047378,136.63500000000002,462.01129302325575,609.7750172985151,1.319827083247988,244.347,0.4695547237570192,0.11353711790393013,229,10575,1070.000634614304,2561.85052971668,0.21804654698343293,16.906993796869262,1,1,user_1,2021-09-13 13:00:31.488128
154.2484516129032,143.98134155003143,139.127,535.2069655172414,627.4395777352831,1.1723307396212699,251.8275,0.4750792539654017,0.09523809523809523,63,6942,1415.6636315202895,3325.1294563394345,0.13833498390024956,10.905130116377505,1,1,user_1,2021-09-13 13:05:31.488128
297.505,297.8724961973638,174.5335,707.4185899999998,987.41548267986,1.3958008690156989,278.2605,0.3767653973438187,0.08035714285714286,112,10193,809.7141812698111,1946.27951303309,0.2488769943428054,16.340695541313192,1,0,user_1,2021-09-13 13:10:31.488128
246.0823563218391,267.42173905668835,155.5845,567.7699101796408,822.8706143246251,1.44930296511182,258.309,0.33991232743851624,0.0582010582010582,189,15383,974.2592520369315,3408.269944217203,0.3466756085861975,24.618968338590015,1,0,user_1,2021-09-13 13:15:31.488128
175.01,197.72389016751032,140.625,363.50826470588237,405.3546764443479,1.115118185200889,238.8605,0.1768660935928144,0.025,80,11552,1363.57344535627,3818.7380644928003,0.21372086197390464,17.989285678959753,1,0,user_1,2021-09-13 13:20:31.488128
142.3205172413793,99.95258470645688,133.638,287.39997887323943,323.39728921091967,1.1252516109389041,215.12,0.7430440433934509,0.08783783783783784,148,6655,1168.6684218940727,2389.16213816242,0.12571784242212197,10.921952830699967,1,0,user_1,2021-09-13 13:35:31.488128
142.3205172413793,99.95258470645688,133.638,287.39997887323943,323.39728921091967,1.1252516109389041,215.12,0.7430440433934509,0.08783783783783784,148,7090,1094.3180572112722,2231.308600652799,0.21417485826985533,18.36752740225658,0,0,user_1,2021-09-13 13:40:31.488128
141.21304545454547,32.335029992515594,137.6325,294.4983333333334,168.2499932515105,0.571310510817301,240.35999999999999,3.557300429382331,0.09090909090909091,22,2243,1579.9599283485686,3544.9702206969446,0.06892425115667816,4.070359943308271,0,0,user_1,2021-09-13 13:55:31.488128
211.95402083333337,173.91678675948515,157.578,468.8985217391304,663.2386777642215,1.4144610123834245,260.80449999999996,0.1542474395125266,0.038461538461538464,52,5893,1271.197656087205,2944.5912381098283,0.20289169307752242,13.652410913710394,0,0,user_1,2021-09-13 14:00:31.488128
240.86991891891893,262.57287252498253,151.096,607.996,1019.4614785879819,1.6767568842360507,215.4215,0.4783945504127748,0.0,81,6141,1008.1810539250648,2409.0611359303807,0.2680145613433099,18.296668484262472,0,0,user_1,2021-09-13 14:05:31.488128
157.3930428571429,112.41633219529427,140.1245,530.7186793893129,746.5022482156497,1.4065874769560298,259.305,0.46275373767916944,0.1276595744680851,141,6909,955.8762132110402,1861.3127795052178,0.14112926699928482,11.068566797515338,1,1,user_1,2021-09-13 14:40:31.488128
179.50280645161288,170.70471890871414,138.63,484.21241919191925,627.4318311577122,1.2957780641083214,258.308,0.3744736697419378,0.10091743119266056,218,11876,968.5673981554295,2296.5172629996637,0.26865142512798,18.969126713384327,1,1,user_1,2021-09-13 14:45:31.488128
253.64369101123594,278.27913974835553,152.594,456.63855844155836,622.7116762468249,1.3636861468117152,252.82399999999998,0.36111886686324385,0.03333333333333333,180,14229,1076.9063644890387,2844.814404325158,0.4044696882066248,26.15185441175977,1,1,user_1,2021-09-13 14:50:31.488128
339.46709722222226,341.0909927539331,178.524,496.40150847457625,736.5166570913939,1.4837115611406637,257.312,0.3492896277354694,0.0,74,7420,1116.4837624402917,2874.3528617317,0.49925356825942974,32.03392440704595,1,1,user_1,2021-09-13 14:55:31.488128
407.1964285714286,383.5901879614307,230.38500000000002,448.54999999999995,254.85018548551224,0.5681644977940302,381.9785,0.026073031223456836,0.0,7,4896,1325.4858126221147,3441.870704046343,0.10918593598460379,11.39094145195899,0,0,user_1,2021-09-14 10:45:31.488128
220.32741666666664,361.54661275099744,0.9990000000000001,105.93100000000001,130.0386663934409,1.2275789560510229,57.8445,0.04935472414303389,0.0,17,3654,1310.7255835860465,3058.6075626704996,0.06768998088726527,6.1979723525237,0,0,user_1,2021-09-14 10:50:31.488128
0.9978571428571429,0.0010690449676496985,0.9970000000000001,45.242636363636365,29.989873295073213,0.6628675007802481,55.851,24.112412065047252,0.0,12,415,1262.5956207791858,2346.7546920160376,0.019111008746885743,0.8430078302792933,0,0,user_1,2021-09-14 10:55:31.488128
125.05767857142858,28.321124441547127,124.668,200.6112592592592,103.26149739807057,0.5147343064360159,181.51600000000002,5.169386009869097,0.0,28,2439,1337.4067800176904,2913.8373373655068,0.057876306741447725,6.29273298752468,0,1,user_1,2021-09-14 11:00:31.488128
138.08025,88.66644924522348,128.15800000000002,267.64451764705876,227.90597965191932,0.8515249318592716,191.487,0.533090623095867,0.10227272727272728,264,4456,1442.466607318961,3211.092823790145,0.09153397529953339,8.487341794795032,0,1,user_1,2021-09-14 11:05:31.488128
134.66229084967318,69.83299556408653,128.65550000000002,280.6353930348259,321.0302799253676,1.143940813928373,198.469,1.1688350227002704,0.08090614886731391,618,7348,1236.7427447624686,2885.895211695654,0.15322673158852518,13.24580480900805,0,1,user_1,2021-09-14 11:10:31.488128
129.30562037037038,46.89192368770881,127.661,273.60927016885563,327.94801027603955,1.1985997772431074,193.48299999999998,1.5968900501455001,0.06826568265682657,542,6504,1214.136203547937,2729.7016644839578,0.13813713164297317,12.169497583491372,0,1,user_1,2021-09-14 11:15:31.488128
125.18943715846996,36.248636372459416,127.65599999999999,248.30198882681563,217.09057681325606,0.8743005959757788,181.513,0.3806864349740514,0.08743169398907104,183,5636,1096.1746347560347,2611.1380799457943,0.08940140225455746,9.424695825675448,0,1,user_1,2021-09-14 11:20:31.488128
270.2341276595744,287.3124778117567,158.575,333.43262500000003,392.0727022651171,1.1758678451609739,217.916,0.09205355351254584,0.041666666666666664,48,10654,1079.7995571481915,2694.3556624049274,0.1884264137033442,18.40297973835995,0,1,user_1,2021-09-14 11:25:31.488128
134.4696703448276,106.44017446341113,122.673,305.7922647887324,468.0823025362218,1.5307198920143168,182.512,1.3168958335503456,0.08185538881309687,733,11399,1007.8235662578038,2537.5607011641127,0.2697656093247174,18.528373341072825,0,0,user_1,2021-09-14 11:40:31.488128
194.24886559139784,205.52109958886038,136.6345,599.6680113636363,868.7969579171746,1.4487965698579501,237.86399999999998,0.3667743283990618,0.12690355329949238,197,13423,987.1582268696421,3102.5503982746736,0.31730129834931764,21.671678677258395,0,0,user_1,2021-09-14 11:45:31.488128
210.4287384615385,258.86497754455,132.142,536.7766393442623,819.2372993976863,1.5262163800542512,231.88,0.2509022752476241,0.08148148148148149,135,9797,914.7260019980059,2108.532917621494,0.21936853280999477,16.123587161534616,0,0,user_1,2021-09-14 11:50:31.488128
195.15271428571424,240.029342622887,132.637,440.8393333333333,788.1797412284193,1.7879070256021152,216.419,0.2595950690641538,0.03773584905660377,106,5251,936.1585843344183,2119.638466675439,0.1118788447091929,8.157136662752348,0,0,user_1,2021-09-14 11:55:31.488128
257.566,296.16195147677126,140.624,906.3131935483872,1254.0591867256085,1.3836929613875861,276.263,0.1513444914918415,0.08333333333333333,36,6562,1169.8544131912,2993.4348004420053,0.19396600122742644,15.313735529004841,0,0,user_1,2021-09-14 12:00:31.488128
210.01296250000001,257.9306381788581,115.69200000000001,793.6979178082192,827.2958530641622,1.0423308849653063,434.839,0.14930931828986022,0.2261904761904762,84,15132,1181.150482554441,3413.1992018492206,0.34672921719533073,24.514422442666028,0,0,user_1,2021-09-14 12:05:31.488128
251.50311111111108,283.1213503998203,136.63400000000001,805.1714184397161,1004.6172800809852,1.2477060872674304,333.10699999999997,0.29199438222395807,0.14906832298136646,161,17856,1125.5282395196991,3526.4698843366805,0.43355156156830077,28.577144726185576,0,1,user_1,2021-09-14 12:10:31.488128
296.78932000000003,313.19218136253437,154.585,808.2098000000002,1097.6917975510348,1.3581767971027257,297.2045,0.23717443396390847,0.06201550387596899,129,14544,1050.6647045043967,2828.7599652997746,0.31340347146322944,22.164960407314354,0,1,user_1,2021-09-14 12:15:31.488128
236.82342372881354,276.4513491392357,149.60000000000002,782.94486,1197.0238716267124,1.5288737850922383,270.77500000000003,0.13186518687077162,0.06779661016949153,59,9820,1078.4085490597827,3337.0186689315387,0.22077721129775127,18.218208398940366,0,1,user_1,2021-09-14 12:20:31.488128
142.35219999999998,54.17272376924858,147.60500000000002,807.47916,1338.6867330525117,1.6578591737928094,260.303,0.0716067506767727,0.13333333333333333,30,4845,1225.7001973459091,3571.8229535839805,0.08935603145448272,8.881989526575582,0,1,user_1,2021-09-14 12:25:31.488128
189.32816666666668,34.1691341559406,179.519,977.7166666666667,434.2315856018922,0.4441282432898681,956.441,0.020629213923081438,0.0,6,4938,1264.4800625119371,3123.507514335511,0.06638546123722264,9.135810974381315,0,1,user_1,2021-09-14 12:30:31.488128
218.52461445783135,288.06532372307294,154.583,583.0988026315789,781.8733951355043,1.3408935014217784,274.2615,0.23965267707039725,0.047058823529411764,85,11857,1390.2430000804632,3764.7824292292485,0.2814271367958724,23.887194247431474,0,1,user_1,2021-09-14 12:35:31.488128
295.57734210526314,414.6104641130213,152.5915,375.42394285714283,255.84366489759313,0.6814793509186156,298.202,0.0743027467397317,0.023809523809523808,42,7490,1633.0544924315132,4963.81088077161,0.12026767475254362,11.717746366515186,0,0,user_1,2021-09-14 12:45:31.488128
125.25659999999999,58.69586237035793,117.685,1231.8410000000001,1685.8239203740702,1.3685401933967696,632.309,0.044831009286340096,0.0,15,5404,1045.8349975726082,2372.09431158911,0.06983714867352979,8.750594728793281,0,0,user_1,2021-09-14 12:50:31.488128
211.2864909090909,307.929467580127,142.62,924.3327959183673,1091.9264957569637,1.1813131596959991,549.529,0.11914512494937377,0.05263157894736842,57,8273,1012.6177592488112,2453.4155117249315,0.16042968026496443,13.305531061133209,0,0,user_1,2021-09-14 12:55:31.488128
224.57234782608694,298.6492957398471,143.619,795.0785238095239,775.0191775610137,0.9747706098859291,549.529,0.14820587610393177,0.0821917808219178,73,9697,1088.914997631022,2883.687931883753,0.18634281316038495,15.719469422107702,0,0,user_1,2021-09-14 13:00:31.488128
229.51276595744682,250.76927934087078,149.60000000000002,766.9211052631579,631.0722951464388,0.8228646868831384,586.929,0.10462325147266277,0.1,50,9945,981.3779519188193,2423.2999892497696,0.1690609815470953,16.038815319372933,0,0,user_1,2021-09-14 13:05:31.488128
173.04490476190475,183.26341137498568,135.64399999999998,439.78614814814824,408.04993700472806,0.9278371743242596,295.7085,0.11018722195674259,0.16923076923076924,65,8157,925.8237088798519,2393.6599527595286,0.12803445922130946,13.23977388184567,0,0,user_1,2021-09-14 13:10:31.488128
128.4461842105263,36.81806014228377,128.65449999999998,324.6987027027027,228.28507006662923,0.703067391912709,257.312,0.14134078916868567,0.23076923076923078,39,3895,1009.30672434962,2559.3035179513645,0.03865348475055072,6.08204179618448,0,0,user_1,2021-09-14 13:15:31.488128
117.44834210526317,41.1358031457679,104.2205,635.6518823529411,588.016388887391,0.9250604068232731,479.218,0.20029685469737712,0.3157894736842105,38,6532,1147.1765154708767,3240.723309306284,0.08108362055981216,9.505365268542981,0,0,user_1,2021-09-14 13:20:31.488128
139.27573404255324,113.60635741356188,123.6695,710.8930454545454,765.5746427686478,1.0769195839848722,428.85249999999996,0.2464144496529757,0.19791666666666666,96,7018,1071.5907703174148,3199.488036096927,0.10194517211024054,12.06481902243116,0,0,user_1,2021-09-14 13:25:31.488128
148.63050943396226,113.9578923027311,132.1495,642.4589306930692,704.2827026188171,1.0962299206566464,390.953,0.1994461271262844,0.12844036697247707,109,3542,777.4961853264031,1977.8339137645016,0.04502571846525876,5.628214808157345,0,0,user_1,2021-09-14 13:30:31.488128
181.1133725490196,229.27356228378244,133.144,559.3634731182794,528.2859882897461,0.944441340341217,354.051,0.3179724227423616,0.19047619047619047,105,6551,1061.5222408464317,5195.137960782474,0.13884351078976573,14.449138241511214,0,0,user_1,2021-09-14 13:35:31.488128
232.5153103448276,313.3251156284014,136.63549999999998,680.1800980392156,670.2121710539508,0.9853451651790462,396.94,0.1827971831526841,0.21666666666666667,60,8293,1127.8360716583304,4660.162320724507,0.13730953158561296,13.131479837736304,0,0,user_1,2021-09-14 13:40:31.488128
229.3858095238095,228.5344947741192,145.60999999999999,705.4452777777777,647.7663466333235,0.9182375544051431,415.88700000000006,0.04996788711527495,0.13636363636363635,22,6696,1081.1006510848579,2879.144317095578,0.11990823790721916,10.822140683231837,0,0,user_1,2021-09-14 13:45:31.488128
138.34693478260868,106.01644991591367,121.175,734.33465,570.6765727272951,0.7771342026789763,481.211,0.13401710533311917,0.14893617021276595,47,6311,923.3392581976809,2405.736465230109,0.09567603634847432,9.893237863822941,0,0,user_1,2021-09-14 13:50:31.488128
163.3398666666667,193.93266902700114,106.7,809.159525,660.4586790387726,0.8162280225753662,505.6385,0.09007225109592759,0.15555555555555556,45,4501,1256.101531727852,6032.597385511279,0.05344535608697763,7.10133618458906,0,0,user_1,2021-09-14 13:55:31.488128
215.38957627118643,302.37748620883224,127.65899999999999,1006.2495961538461,1281.1413125209156,1.2731844240412904,341.5865,0.25644435693423234,0.18333333333333332,60,6648,1248.9837903660282,4236.964574840392,0.11014876379950597,10.569274562761686,0,0,user_1,2021-09-14 14:00:31.488128
256.90281,320.6271945581601,150.0965,1200.3944494382022,1447.6903480260535,1.2060121976601845,440.826,0.21718856309168103,0.17307692307692307,104,8691,841.6503279796557,2181.5777644349423,0.1838731430320116,16.465543388931103,0,0,user_1,2021-09-14 14:05:31.488128
288.3014,307.7899594232026,164.0595,1301.2759577464788,1514.0026325010936,1.1634754515275993,456.293,0.15026673308597696,0.15294117647058825,85,7879,906.0157445544229,2330.986877968887,0.13527088563832237,12.835516161006314,0,0,user_1,2021-09-14 14:10:31.488128
146.75439354838713,115.60958245355084,129.652,482.06670068027216,814.1415780478721,1.6888567015705294,213.429,0.31729748043185513,0.11464968152866242,157,6566,1189.6116728050624,2903.36528173978,0.12415398221785622,10.984178704552,1,1,user_1,2021-09-14 14:15:31.488128
125.61750769230768,41.54635819434862,125.157,333.84157936507927,449.84263545287655,1.3474733623906745,190.9885,0.6555329471766912,0.11538461538461539,130,4607,1206.1694804199763,3064.533799598508,0.08621267348212575,7.865110357879764,1,1,user_1,2021-09-14 14:20:31.488128
123.76636585365853,33.017619312842726,124.667,407.77345945945945,292.55472610850427,0.717444255681358,279.253,0.371804845186629,0.14634146341463414,41,6075,1521.3278464322557,3607.5163408358057,0.09670955816162434,9.37582492315196,1,1,user_1,2021-09-14 14:25:31.488128
127.15011764705882,33.518437081491165,127.65899999999999,386.83124444444445,276.19601520594654,0.7139961395895283,274.266,0.18738586822787656,0.11764705882352941,51,7506,1418.2497186756652,3118.2770692187087,0.11528542805379409,11.816756375513895,1,1,user_1,2021-09-14 14:30:31.488128
141.02349999999998,33.62143101670586,139.128,289.97350000000006,162.1507945771466,0.5591917695139265,248.83249999999998,0.17595439290288659,0.0,10,5035,1221.7205035114127,3260.083364401515,0.10727964686147351,9.470971088015746,1,1,user_1,2021-09-14 14:35:31.488128
457.1764,690.8749460635163,155.584,617.0155833333334,1141.461791112006,1.8499723863462754,306.18100000000004,1.75576332688518,0.0,13,5022,1347.0665916021042,4639.160309857969,0.12717753649919575,7.844845935634601,1,1,user_1,2021-09-14 14:40:31.488128
278.5123548387097,420.991418208868,141.617,701.4103678160919,875.7145408335706,1.248505270260249,335.103,0.29811294624273527,0.07,100,9396,1057.3122634499694,3567.8247790649175,0.28824154397227336,21.952379101014397,1,1,user_1,2021-09-14 14:45:31.488128
249.70972072072064,362.75426441756736,141.62199999999999,707.1665588235294,853.9043230472046,1.2075009944867783,323.634,0.3063713039208782,0.10256410256410256,117,8289,977.4119318100741,2522.5832742383145,0.1999430663217237,17.698257134302025,1,1,user_1,2021-09-14 14:50:31.488128
228.13907142857147,322.34572476123606,169.54649999999998,561.2678076923077,670.7429957429608,1.1950498256808424,243.3485,0.20035153680648066,0.16666666666666666,30,1989,1243.5226825836185,3500.209033970811,0.1160023479648577,12.296248884274917,1,1,user_1,2021-09-14 14:55:31.488128
135.31627160493827,84.72582414146413,126.661,388.4210657894737,554.379693762517,1.4272647458904657,229.3855,0.5719650148251937,0.036585365853658534,82,4304,1703.139365111622,4083.2872997422387,0.07832832319268752,7.54684286016987,0,0,user_1,2021-09-14 15:25:31.488128
135.31627160493827,84.72582414146413,126.661,388.4210657894737,554.379693762517,1.4272647458904657,229.3855,0.5719650148251937,0.036585365853658534,82,5941,1836.3763430213835,5908.650124822803,0.13854730009809674,9.230291468730517,0,0,user_1,2021-09-14 15:30:31.488128
129.428475,24.337914613683495,130.151,741.0722777777777,646.5875952187148,0.8725027431300086,534.5695000000001,0.18098845928855087,0.12195121951219512,41,4138,1705.8370516137315,6237.390297338461,0.09845296796509129,5.962244992191036,0,0,user_1,2021-09-14 15:35:31.488128
131.41246226415095,28.438292706163278,133.642,559.4081789473685,599.5173276408598,1.0716992532518281,365.026,0.1879851805273692,0.09345794392523364,107,5222,1352.3428097590904,3302.950024474772,0.06872292472466224,7.937497805698489,0,0,user_1,2021-09-14 15:40:31.488128
133.4664411764706,30.769099691611206,137.133,457.1931666666667,544.6760339008297,1.1913477138601802,293.71500000000003,0.1692780249914608,0.07352941176470588,68,7998,1265.668922095764,3229.057740249545,0.1630106470689822,12.329990902527035,0,0,user_1,2021-09-14 15:45:31.488128
126.27251219512195,39.76666751698082,128.655,361.2576486486486,309.5425220463989,0.8568469711417883,266.289,0.09754247352591398,0.04878048780487805,41,10030,1413.5958637541987,4056.8377861807976,0.17333405411410835,16.02839998476327,0,0,user_1,2021-09-14 15:55:31.488128
127.03400000000005,44.6555968577537,132.643,307.84182857142855,241.3113430879513,0.783880943690405,256.31399999999996,0.13790556063957035,0.16216216216216217,37,9901,1304.419436734462,3227.797973075534,0.21017375239255087,15.642932142359857,0,0,user_1,2021-09-14 16:00:31.488128
132.01851785714285,39.504478773467085,135.6365,425.18168627450984,406.8676893990719,0.9569266563762252,287.23199999999997,0.17347882382720492,0.125,56,7229,1316.6106562993389,3351.581257928462,0.13861364084113784,11.094101398887695,0,0,user_1,2021-09-14 16:05:31.488128
139.70678378378372,28.636088839216633,138.627,580.5753225806451,513.0608784168721,0.8837111369741437,347.07300000000004,0.09017876170053592,0.02702702702702703,37,7564,1285.6720561779132,3017.3063785529002,0.1083999102095193,11.832267122100607,0,0,user_1,2021-09-14 16:10:31.488128
275.22324,468.35714583204555,127.65899999999999,869.8028260869565,880.2157415280567,1.011971581522614,403.919,0.054292905960233055,0.0,30,10570,1249.2428779960437,2956.4775238473403,0.20186239569398945,17.234638153369183,0,0,user_1,2021-09-14 16:15:31.488128
257.77439285714286,444.71892585761526,125.1645,800.6787857142856,905.2903855978359,1.1306536425718166,342.08349999999996,0.6247890073739988,0.20588235294117646,34,9951,1360.4913956252228,3202.6103077255348,0.2535154791811196,16.516707109389106,0,0,user_1,2021-09-14 16:20:31.488128
122.62928888888888,42.98766402893563,119.67800000000001,556.226,602.2241311462387,1.082696837519711,320.144,0.07942827733180767,0.2826086956521739,46,9278,1306.8136785609736,3165.7175078758673,0.3071352152980648,14.519732925409615,0,0,user_1,2021-09-14 16:25:31.488128
126.23834042553192,41.07304462004067,127.65899999999999,487.424,486.0644744392456,0.9972107947890247,306.181,0.1486201681444945,0.1276595744680851,47,10897,1346.9565877916198,3657.3682514012235,0.3477676311238155,17.629283092333836,0,0,user_1,2021-09-14 16:30:31.488128
134.888625,22.09905889361204,137.632,268.3532142857143,88.4959037384726,0.3297739659054409,264.29150000000004,0.09391841350855779,0.0,16,7372,1405.6248065165867,3825.5981347432553,0.16596379498753003,11.649245950294928,0,0,user_1,2021-09-14 16:35:31.488128
135.71656,41.38495962311268,139.626,722.6116818181819,1016.8517281600288,1.4071897171680119,398.932,0.059571791055564836,0.0,25,5844,1118.294838434502,2417.550583028867,0.0899512311938961,9.822321696447203,0,0,user_1,2021-09-14 16:40:31.488128
133.06468421052634,45.410091996349884,136.63500000000002,849.8434117647058,1130.7503654205723,1.330539661503713,417.88199999999995,0.33973259611598383,0.0,19,5717,1071.1486778875671,2253.796274985796,0.08331672425770865,8.998206219832534,0,0,user_1,2021-09-14 16:45:31.488128
167.26671428571427,221.23155060005513,105.718,1439.02425,1823.23058237951,1.2669908671653796,456.7785,0.7817797372073472,0.0,9,3560,1162.4286960858753,2747.4913254909643,0.04175698221714941,5.18454691208127,0,0,user_1,2021-09-14 16:50:31.488128
161.941625,205.3736532469103,115.19200000000001,1439.02425,1823.23058237951,1.2669908671653796,456.7785,0.021548149420686082,0.0,10,4049,1147.1082761675061,2887.955878879112,0.06224155428300505,6.62605803595648,0,1,user_1,2021-09-14 16:55:31.488128
187.007806122449,236.67813880212577,127.658,538.022076923077,662.3828340924274,1.231144338686925,315.15700000000004,0.250665462999809,0.08080808080808081,99,6892,1448.4933826204735,5168.28529283899,0.10844318754748945,11.10625076159442,0,1,user_1,2021-09-14 17:00:31.488128
169.18964516129034,192.29701293692702,126.162,500.13761087866106,596.1638245345124,1.1919995848485556,308.17499999999995,0.47852989691013337,0.10317460317460317,252,8556,1458.0490480282772,4982.466903741516,0.14878716698781758,14.455381783185468,0,1,user_1,2021-09-14 17:05:31.488128
149.30554666666666,142.7363860914096,123.6675,360.9345952380952,442.50771849196633,1.2260052772166667,216.4205,0.908686279622223,0.08852459016393442,305,8275,1397.3249773386472,3507.0139588190405,0.17141697147143706,13.53847777712289,0,1,user_1,2021-09-14 17:10:31.488128
130.38377330508476,101.00061247140128,120.676,267.2116163793103,306.5164601483414,1.1470925714293698,199.466,0.7923941478859577,0.08421052631578947,475,7217,1462.2112943980453,3443.3440164581293,0.1265189179540666,11.6705153237089,0,1,user_1,2021-09-14 17:15:31.488128
121.86430322580645,73.63216234438012,118.68299999999999,274.0477145969499,382.9084735015331,1.3972328653230621,198.91400000000002,1.2577349756350824,0.09227467811158799,466,4719,1703.8964990715876,4316.09893297429,0.07755397166463716,8.198562718833072,0,1,user_1,2021-09-14 17:20:31.488128
115.38429940119762,33.705029765245484,116.68599999999999,305.7868888888889,491.5478265812193,1.6074849656481798,191.2425,0.2992711494872061,0.10778443113772455,167,3350,1659.3246132409947,4507.040143888721,0.0685390824040473,5.250762386124697,1,0,user_1,2021-09-14 17:25:31.488128
252.41988888888892,324.7868669499009,145.611,751.4802105263159,974.611120377081,1.2969218706298205,341.089,0.1219665101766914,0.12307692307692308,65,6246,1060.635332793858,2926.2157833658744,0.11518893096475287,9.579044722836985,1,0,user_1,2021-09-14 17:30:31.488128
260.10942603550296,315.9102062079746,150.596,749.6509197530863,976.4755863820909,1.302573718849987,339.0535,0.32336525869376165,0.03296703296703297,182,11855,1051.170250759761,3143.5379107189883,0.18569525293071945,18.46914948067696,1,0,user_1,2021-09-14 17:35:31.488128
161.9525512295082,175.56296961095612,126.32849999999999,411.2532608695652,631.959657990882,1.5366678349361875,215.032,0.8506153842429257,0.05325443786982249,507,11230,1183.087143462886,3360.757822270867,0.16502647959882816,17.731178419118535,1,0,user_1,2021-09-14 17:40:31.488128
134.2325679347826,95.48457402354889,122.671,293.41711845730026,409.12907812742606,1.394359948316938,192.48499999999999,0.6395448008583018,0.061170212765957445,376,6897,1363.8316096146546,3076.6437312466137,0.10821140111302845,11.156080162366981,1,0,user_1,2021-09-14 17:45:31.488128
147.37582142857144,101.85851657080013,133.14350000000002,449.10221739130435,313.4956417764277,0.6980496413431819,319.96599999999995,0.07805819468685579,0.03571428571428571,28,5241,1250.4990709576136,2397.7587357474945,0.09335929328522069,8.103920083204603,1,0,user_1,2021-09-14 17:50:31.488128
128.2006617647059,48.53126021856711,124.667,292.8470923076923,310.08613366784704,1.058867039533525,198.47,0.3441325350479672,0.08333333333333333,204,6801,1192.1085541747627,3116.1468826369514,0.12179672526980061,10.519566477069764,1,1,user_1,2021-09-14 17:55:31.488128
132.41150000000002,81.96193792690869,124.666,344.93310606060606,488.49476097017083,1.4162014384445325,192.48499999999999,0.577425420887489,0.09454545454545454,275,9442,1433.6964670531813,4362.211303484639,0.15336839564910465,14.930079906884579,1,1,user_1,2021-09-14 18:00:31.488128
131.18093808049537,94.261897202494,118.69300000000001,319.05739682539684,458.35922487410375,1.4366042894938411,181.514,0.7311227326028048,0.08024691358024691,324,10629,1508.8996125464976,4582.847555296581,0.20285453991486382,17.11857609149318,1,1,user_1,2021-09-14 18:05:31.488128
121.34777881619938,65.70056190135705,114.693,247.62755520504732,286.89495549448833,1.1585744375537115,171.50799999999998,0.8975070076065002,0.07453416149068323,322,6659,1395.7853201636024,4145.200089832955,0.19829730913856455,15.134246482649457,1,1,user_1,2021-09-14 18:10:31.488128
116.3105590551181,39.7015535259699,114.693,256.35429032258065,489.2589782338213,1.908526584900013,159.572,0.30287109493863595,0.0703125,128,5058,1389.6078934859013,3268.115733235764,0.10749107027705589,9.234460128347074,1,1,user_1,2021-09-14 18:15:31.488128
145.44528571428572,107.73249237294867,134.639,356.77960937499995,587.3290227992338,1.64619559909297,186.99900000000002,0.3958218685916827,0.022388059701492536,134,8768,1371.2584786392767,3110.30228635627,0.17119506354736175,15.516829164080022,1,1,user_1,2021-09-14 18:20:31.488128
168.77547368421054,160.77129580800138,136.63500000000002,371.32526373626365,491.840978421342,1.3245556563333527,217.417,0.2761792783262845,0.020833333333333332,96,9148,1762.6673791578103,6243.354042554103,0.23428434640283846,18.348052461980853,1,1,user_1,2021-09-14 18:25:31.488128
231.43593939393944,267.4014905726178,146.1215,531.4893076923078,486.50776137143845,0.9153669779055833,348.27700000000004,0.15974377549451926,0.029411764705882353,68,9137,1610.1122223383904,5787.257308583989,0.1834141835281938,13.869447078068328,1,1,user_1,2021-09-14 18:30:31.488128
228.92447474747476,279.1448729069762,142.619,584.0837195121952,601.5338889920978,1.0298761442871174,358.552,0.23295390854000286,0.039603960396039604,101,10598,1367.9136374824523,4813.443359625828,0.1652608535954098,16.96500397070298,1,1,user_1,2021-09-14 18:35:31.488128
148.34607346938776,149.2361997330851,123.67,370.12343162393165,562.5857761063023,1.5199950287879216,216.4215,0.47713892788993173,0.052845528455284556,246,9391,1528.2011630857676,5319.650906747829,0.13525498427432878,13.627357119293793,1,1,user_1,2021-09-14 18:40:31.488128
127.16857339449541,74.39806862320589,117.68549999999999,332.45959330143535,511.35919351308064,1.5381093035550943,202.458,0.3865141949941346,0.0502283105022831,219,8098,1462.2731852115733,4141.857151258805,0.1302458622922554,11.324710744436874,1,1,user_1,2021-09-14 18:45:31.488128
222.54977777777776,101.60176735886262,207.56199999999998,296.2317142857143,228.0982286521272,0.7699993540601374,209.96,0.018811697193578208,0.0,9,15130,2326.429479046562,3063.638705952053,0.09185970217581396,25.060996929965246,0,0,user_2,2021-09-07 08:42:26.391704
629.4758750000001,587.7659047189834,417.45199999999994,2194.5208333333335,1879.4694240194935,0.8564372666103618,2127.7934999999998,0.1891994321652042,0.125,8,12312,1568.4695930901166,2009.4869006787926,0.2719150381938772,54.204702695697485,0,0,user_2,2021-09-07 09:27:26.391704
374.65035087719303,433.8653220041944,142.57,1002.8273333333335,1096.9910517080011,1.093898236759935,580.041,0.17493044629733318,0.017241379310344827,58,27276,1744.6876841601343,2227.38250304778,0.24917861060327434,50.12023202679144,0,0,user_2,2021-09-07 09:32:26.391704
334.12989772727275,358.0235695196437,151.8465,768.7296746987951,744.5329933927662,0.9685238099914516,533.1669999999999,0.18177484095775087,0.0,91,26943,1821.6829385987337,2338.2068241499087,0.227349690118499,44.83672703492532,0,0,user_2,2021-09-07 09:37:26.391704
355.2469444444445,343.89861034434324,168.936,858.9452692307691,716.2478681073187,0.8338690412123191,556.6105,0.10889411656269304,0.017857142857142856,56,28632,1716.598331066352,2209.9596028786036,0.21675250643928345,47.20035926761289,0,0,user_2,2021-09-07 09:42:26.391704
406.61113333333344,429.3280882280501,169.913,1345.547142857143,858.3867674064178,0.6379462599754878,1073.6795000000002,0.7962772446259249,0.06666666666666667,15,49432,1939.5720021874854,2588.4446856351083,0.25337099439794064,81.8138274739824,0,0,user_2,2021-09-07 09:47:26.391704
350.5600487804878,311.2657323295444,204.08499999999998,1130.7876250000002,1291.8288857620084,1.142415124822407,570.277,0.7253506982065568,0.0,43,13537,1879.7466126595402,2354.597852680081,0.13627286663315508,38.00593470037598,1,1,user_2,2021-09-07 10:12:26.391704
350.5600487804878,311.2657323295444,204.08499999999998,1130.7876250000002,1291.8288857620084,1.142415124822407,570.277,0.7253506982065568,0.0,43,4152,1418.0794502061005,1758.8564457357477,0.250091821212158,51.4313830322803,1,1,user_2,2021-09-07 10:17:26.391704
364.5613333333333,344.5137463293252,199.69650000000001,644.0936,672.1145684228991,1.0435044975185268,274.37,0.10537144369072543,0.0,8,6477,2363.153204036592,3076.441502811363,0.11590219625621535,74.72214592638204,1,1,user_2,2021-09-07 10:22:26.391704
469.1208333333334,424.86214044019533,318.8275,1456.1754444444443,1449.0573110775424,0.99511176115896,1115.1180000000002,0.05706244887014374,0.0,15,23803,1598.1472783980025,2158.5507634176997,0.24009341771555048,60.681675090365744,1,1,user_2,2021-09-07 10:27:26.391704
473.8082105263158,404.3874152389264,412.08299999999997,1325.5260714285712,1207.1390886375466,0.9106867942148928,1094.6350000000002,0.04601299153809582,0.0,22,33062,1566.2403164574253,2038.550035042426,0.2868231109862845,54.34130649831427,1,1,user_2,2021-09-07 10:32:26.391704
382.92128888888885,412.5469452973929,181.62900000000002,938.2789166666666,974.9338984636673,1.0390661893237687,599.0835,0.09729800739069676,0.0,52,33942,1960.427299217218,2734.7925599050955,0.3734750378546546,55.51439669825258,1,1,user_2,2021-09-07 10:37:26.391704
364.72450000000003,434.6592736499884,163.0755,965.6071923076923,1080.324209475545,1.1188029853979153,599.0835,0.14823703932715834,0.0,37,36387,1894.6359477129329,2650.4816007417007,0.34743813161256093,59.77439201805525,1,1,user_2,2021-09-07 10:42:26.391704
340.68850000000003,397.1563678344505,166.00650000000002,852.8527142857145,917.3416480479073,1.0756155578589017,524.8670000000001,0.5095344176986819,0.0759493670886076,79,31760,1698.8907946865693,2197.9217889638053,0.23200207825792624,52.52593814947438,1,1,user_2,2021-09-07 10:47:26.391704
340.68850000000003,397.1563678344505,166.00650000000002,852.8527142857145,917.3416480479073,1.0756155578589017,524.8670000000001,0.5095344176986819,0.0759493670886076,79,15023,1541.9348527109748,2163.6826314296145,0.20475460729701553,41.74750102751752,1,1,user_2,2021-09-07 10:52:26.391704
98.13675,37.24532866964661,88.9015,305.52572972972973,153.55037016083253,0.5025775416579948,294.90250000000003,0.5857802216359568,0.025974025974025976,77,18111,1989.8104926687583,2811.240693531191,0.10000084917387757,29.975254539869802,1,1,user_2,2021-09-07 10:57:26.391704
110.60677647058823,74.35599092931511,93.739,341.7745555555556,230.64941169283307,0.6748583472456331,298.808,0.16780178754912647,0.03488372093023256,86,38030,1961.703587000986,2682.039977084567,0.3087667489809073,67.21477321746225,1,1,user_2,2021-09-07 11:02:26.391704
325.263909090909,248.50154479962669,183.099,764.106,829.8388460761121,1.086025821124441,477.48650000000004,0.04925964334598644,0.045454545454545456,22,31507,1751.198006325979,2350.6910233163658,0.26166871858553487,51.860406672022314,1,1,user_2,2021-09-07 11:07:26.391704
373.5716470588236,289.6203971395412,183.099,934.6972307692308,1221.3166501227538,1.3066441302256164,438.454,0.12248467453739735,0.0,34,28129,1629.6110611348952,2361.303057531364,0.20347774759513404,46.26116627087076,1,1,user_2,2021-09-07 11:12:26.391704
366.9982142857142,425.936639408703,165.02750000000003,962.7328360655736,994.5255583364055,1.0330234111477492,581.016,0.12195068985527908,0.17142857142857143,70,32604,1620.4324079244736,2518.998001546936,0.2866704717393949,53.49571006639162,1,1,user_2,2021-09-07 11:17:26.391704
383.19158823529403,474.36820791841336,165.02800000000002,929.2801555555554,848.2379468210974,0.9127903374994506,647.419,0.14223250391554926,0.23529411764705882,51,30188,1703.25374195582,2363.993827513501,0.23503332341631616,49.717048966064155,1,1,user_2,2021-09-07 11:22:26.391704
332.9342777777777,394.92658318683004,181.623,1117.6653125,1116.7844319725998,0.9992118566107864,599.5725,0.13125741936664764,0.1,20,33112,1788.9902700697103,2506.967382473523,0.2000032413858654,54.732553698920285,1,1,user_2,2021-09-07 11:27:26.391704
336.8183829787234,384.51534271703383,177.25549999999998,879.7135581395348,878.958842888637,0.9991420897814808,598.1099999999999,0.16804843399201783,0.05,100,37085,1986.3041221323222,2681.6863909885637,0.258364958926739,61.165820437527024,1,1,user_2,2021-09-07 11:32:26.391704
355.150875,398.16640538046954,181.648,809.1936111111112,809.3028830893586,1.00013503811294,569.7874999999999,0.39333428560812556,0.03571428571428571,84,25251,2081.7803391492885,2753.9926333191906,0.24842564633965902,56.76867889016722,1,1,user_2,2021-09-07 11:37:26.391704
392.92253846153847,492.1298390607259,176.74599999999998,499.08700000000005,437.97672075779326,0.8775558585132316,309.483,0.25429987839771045,0.0,13,15912,1767.4127435920561,2592.1763538253877,0.10215847730933691,33.43987490592295,1,1,user_2,2021-09-07 11:47:26.391704
201.71271311475414,301.258518720924,113.7595,476.68125225225225,659.3425574217572,1.383193809923205,271.464,0.30267632885260143,0.02459016393442623,122,31179,1996.3064753110214,2831.756625092178,0.21937529828370372,60.94285313402061,1,1,user_2,2021-09-07 11:52:26.391704
366.7158313253012,424.2225295872559,174.791,654.131828125,787.522889192849,1.2039207623487769,306.597,0.19798998259783546,0.14285714285714285,84,27973,1791.7040886939394,2353.631573479442,0.1050484996667303,45.66274862497475,1,1,user_2,2021-09-07 12:02:26.391704
342.6046124999999,429.907774904077,170.886,649.527142857143,721.5493753728591,1.1108840997758838,363.25800000000004,0.15078419032618948,0.14634146341463414,82,35047,1891.427658574191,2392.811790440102,0.1784455297705397,57.66292184435683,1,1,user_2,2021-09-07 12:07:26.391704
174.88611290322575,282.0047273600534,103.9955,586.2774622641509,720.1286262515841,1.2283068557172776,297.3425,0.22099714793684616,0.21875,128,40622,1845.2316841886397,2330.573331733717,0.23179142917605877,66.70256954706727,1,1,user_2,2021-09-07 12:12:26.391704
118.19415306122448,127.12483170914886,92.7765,575.2129550561798,732.7429306162334,1.2738637476352874,280.28799999999995,0.34197978660413914,0.27722772277227725,101,29764,1698.7500591691478,2099.12834513743,0.16854865595770646,49.298796381069565,1,1,user_2,2021-09-07 12:17:26.391704
283.1237301587302,392.2910450793212,143.538,757.5155087719298,879.5539197844253,1.1611035148446556,315.41,0.5818890738762489,0.031746031746031744,63,21035,1490.9403909688156,1842.896006955992,0.13500082328002064,34.63521121706307,1,1,user_2,2021-09-07 12:22:26.391704
292.53717391304343,361.78598538024085,160.136,746.845975,881.9703323896979,1.1809266728520535,312.48,0.21157357216401224,0.06451612903225806,93,22765,1385.9275835607427,1866.286575108866,0.16834198779492587,37.38692206166319,1,1,user_2,2021-09-07 12:27:26.391704
139.0364285714286,26.37577297553842,138.641,1214.972157894737,1229.2017110226577,1.0117118347407872,701.142,0.1344859350062265,0.0,21,5387,1586.3169153807053,2096.1132568768558,0.018220078174298122,10.695185888312999,1,0,user_2,2021-09-07 12:57:26.391704
144.0467857142857,68.55283583948872,137.6745,1184.8472432432432,1361.8862778383966,1.1494192906340823,613.2429999999999,0.17926872369303506,0.0,42,24287,1414.0750395986317,1886.48615573285,0.04110800981246824,40.8408077486872,1,0,user_2,2021-09-07 13:02:26.391704
165.30308000000002,172.44276129388558,131.826,868.3064210526315,1185.578658949072,1.3653920208396215,403.294,0.04989200546130664,0.0,25,28655,1342.2687401679614,1789.4708698827083,0.1198379275915873,56.02423114906706,1,0,user_2,2021-09-07 13:07:26.391704
323.82620588235295,385.85427876814276,179.701,926.61325,1100.331229999088,1.1874762529017235,424.77250000000004,0.09856926632116982,0.0,38,18047,1447.5614505044935,1994.9095930692022,0.11018153068269157,29.498600714593334,1,0,user_2,2021-09-07 13:12:26.391704
346.48333999999994,375.794064684131,181.94,775.2278292682928,947.7176179058272,1.2225020595562737,361.902,0.10334430572396319,0.0,55,17429,1725.2724229162386,2254.4933907456057,0.09626737563919766,31.328673491035495,0,0,user_2,2021-09-07 13:17:26.391704
365.82265,364.17538508356904,181.94,434.03439999999995,322.46599035641395,0.7429503061425868,343.262,0.0789798312100966,0.0,21,8607,1843.5873256965808,2256.816618444062,0.10833391072298473,30.846275513191184,0,0,user_2,2021-09-07 13:22:26.391704
144.70999999999998,116.82402283097727,124.0385,905.6208245614034,899.2478933895085,0.9929629145012413,635.779,0.11436217949376011,0.0625,64,11349,1702.5670083550535,2190.2778982669633,0.03382968369289726,18.927708026176017,0,0,user_2,2021-09-07 13:32:26.391704
138.63567741935483,111.70580152798237,123.551,917.7645892857144,902.6576098052758,0.9835393741959514,639.6724999999999,0.2986212406860998,0.06451612903225806,62,12028,1636.224980744727,2061.2210436038627,0.06295272034674729,39.20629157174004,0,0,user_2,2021-09-07 13:37:26.391704
219.1359,372.6531554045784,91.568,450.15819999999997,318.69417100439375,0.7079603814934256,363.0665,2.443585388425669,0.0,11,10041,2223.035690131815,3375.4686586928774,0.05851887121825745,16.39197181210846,0,0,user_2,2021-09-07 13:42:26.391704
209.06049999999996,338.42842599271864,104.26650000000001,435.68918181818174,306.12457354411066,0.7026214703486947,348.645,0.07322923650905099,0.0,13,15183,1969.9932103106667,2999.2662404043567,0.14454170814225442,31.65675969650875,0,0,user_2,2021-09-07 13:47:26.391704
86.56910975609756,26.93630143482592,86.9065,293.26576543209876,183.56228123706893,0.625924682912128,254.529,3.451973596443322,0.0,82,8530,1591.9471872146846,2601.8020197226847,0.07219206144846108,15.578676644878165,0,0,user_2,2021-09-07 13:57:26.391704
89.35586516853932,28.95611372490783,87.43299999999999,330.76024137931034,248.61285042784826,0.7516406729874864,258.77299999999997,0.3365266549283396,0.011235955056179775,89,10035,1954.6868979729716,2879.4677060370427,0.05840428431802998,16.5317498496778,0,0,user_2,2021-09-07 14:02:26.391704
150.5073,58.79288047232704,143.3345,887.8737777777777,690.1562744916504,0.7773135008210443,658.768,0.023411382491151024,0.09090909090909091,11,15632,1996.6693751027358,2597.974544018841,0.103673416135206,26.271863387180563,0,0,user_2,2021-09-07 14:07:26.391704
236.2844,74.68658751275223,189.966,821.4515,1022.2456564030975,1.2444382369538525,403.2095,0.02199689483033817,0.0,6,14647,2063.6293631327,2785.1063780525096,0.09222772821014363,24.26427685819597,0,0,user_2,2021-09-07 14:12:26.391704
445.36220000000003,700.3586405304785,120.056,341.27849999999995,309.4636911265466,0.9067775764560225,213.3655,3.662697767365949,0.0,5,4576,2531.8084734596323,3276.5469445934636,0.03785549330740194,21.572899248555682,0,0,user_2,2021-09-07 14:42:26.391704
326.3950625,502.05263134568787,125.2275,366.1381818181818,288.077218317179,0.7867991720684117,260.758,0.06380245560259272,0.0,16,13430,2121.2002474395167,3148.2990320875747,0.06537800020170167,28.192680861172516,0,0,user_2,2021-09-07 14:47:26.391704
332.45885714285714,373.36014568912344,197.74,815.1894857142859,966.695108351657,1.185853259018201,425.794,0.10917547591830325,0.0,48,12331,1860.0259330541958,2803.5134724757286,0.05562611202508212,22.734391984651065,0,0,user_2,2021-09-07 14:52:26.391704
392.41075,444.8162632993968,205.61200000000002,817.4837857142858,920.0445589297408,1.1254590916758567,471.06049999999993,0.12448756832130616,0.0,56,4242,1788.0291288844132,2767.704388111561,0.020674735246482615,7.907146471086579,0,0,user_2,2021-09-07 14:57:26.391704
462.8208235294118,571.3743463913605,194.50799999999998,604.6494999999999,566.6877862228155,0.9372169930229258,341.6585,0.1023426733483433,0.0,19,15201,1773.5570098377877,2751.22776961129,0.1380056590600554,31.49456419337204,0,0,user_2,2021-09-07 15:02:26.391704
370.89779999999996,309.9740889798464,253.903,860.3063333333334,1337.128856297328,1.554247370371555,244.171,0.10470181701234647,0.0,16,28320,2181.9709800349606,3456.3459650179493,0.13688787567675487,47.554172020595125,0,0,user_2,2021-09-07 15:07:26.391704
273.7522906976745,349.82258217014106,133.05399999999997,887.2067121212123,1181.0313124781273,1.3311794155100711,366.2455,0.19863307059222035,0.0898876404494382,89,25279,2376.044480394215,3708.197730610153,0.08229641112620595,43.1284629558273,0,0,user_2,2021-09-07 15:12:26.391704
249.80906766917292,358.58675155589907,113.793,765.4974247787612,1104.9549906468378,1.4434470383309053,303.64799999999997,0.23735688780850428,0.06569343065693431,137,25138,2192.3335020985087,3445.077677219872,0.15498882542561865,45.876692325983115,0,0,user_2,2021-09-07 15:17:26.391704
202.4697327586207,294.5365075801332,111.88,576.2738878504673,847.4245498093345,1.4705239429991768,289.618,0.31675622810323584,0.01694915254237288,118,25431,2111.2561918401893,3315.604593998731,0.15367073850330354,42.44014285785741,0,0,user_2,2021-09-07 15:22:26.391704
151.06376363636363,174.60998487135961,106.015,500.45686000000006,587.6354601697021,1.1741980321135013,299.346,0.17035058162086708,0.01818181818181818,55,12429,1900.9480963027286,3078.4367683513487,0.12366175037328964,39.06760067562312,0,0,user_2,2021-09-07 15:27:26.391704
208.68370370370374,252.76718658173831,114.25200000000001,600.2361999999999,589.7089259649628,0.9824614476183923,366.21799999999996,0.8281845305558683,0.037037037037037035,27,6879,1540.8324474490375,2213.1704011024826,0.010143089853352627,11.412666599997264,0,0,user_2,2021-09-07 18:32:26.391704
218.35925000000003,253.27092507601643,119.1165,600.2361999999999,589.7089259649628,0.9824614476183923,366.21799999999996,0.059260777213093356,0.03571428571428571,28,16337,1849.2596815752763,2889.846623269155,0.0757281571533604,27.10899741296628,0,0,user_2,2021-09-07 18:37:26.391704
191.79000000000002,233.11983131857312,120.5955,812.772,1069.1246422354134,1.3154053562812367,313.444,1.3670637166525312,0.0,10,5649,1308.299754473337,1356.228813510196,0.11242365625695123,52.69858887044589,0,0,user_2,2021-09-08 07:57:26.391704
187.3276666666667,215.103935062089,120.5955,868.1079615384616,1211.724518052762,1.3958223766377431,346.187,0.11436588324499058,0.03333333333333333,30,14632,1620.699293674552,2105.2280216781246,0.10397792305917093,35.13486562906404,0,0,user_2,2021-09-08 08:02:26.391704
185.09650000000002,211.81160887486288,129.8755,910.5861875,1353.3481926223922,1.4862384376134545,346.187,0.07864276337175391,0.05,20,13020,1695.4993571253078,2867.466751333005,0.06535541056530339,21.560582367517778,0,0,user_2,2021-09-08 08:07:26.391704
146.4345652173913,40.611004292193435,141.591,665.4147142857144,634.6002273218268,0.9536913051329723,435.517,0.5940056104604697,0.043478260869565216,23,6710,1651.0042212451233,2345.0887435191653,0.07115239458184366,18.094601268275014,1,0,user_2,2021-09-08 08:57:26.391704
124.24250877192982,49.719841674599515,118.203,666.9290000000001,660.3790876500174,0.9901789960400842,380.836,0.17705466691438582,0.017543859649122806,57,12311,1433.373795519728,2007.9960885247747,0.09847109587352684,20.27169373694673,1,0,user_2,2021-09-08 09:02:26.391704
178.15001063829789,215.4416312212648,106.43599999999999,860.8510240963858,999.4652632845173,1.1610200084661937,377.90299999999996,0.19476157580032888,0.12631578947368421,95,20280,1706.895006523,2144.929210752617,0.1449118702777406,36.84063294503978,1,0,user_2,2021-09-08 09:07:26.391704
235.69706451612907,295.32780112707496,121.08500000000001,941.1049821428571,1110.2122115105497,1.1796900798279086,401.339,0.19020976970454784,0.19047619047619047,63,19737,2034.6346501357891,2627.308726751839,0.10735982502266683,34.918783088622384,1,0,user_2,2021-09-08 09:12:26.391704
125.01032608695651,195.71064311819055,81.027,379.9627857142857,631.2018295801229,1.6612201334231642,189.69650000000001,0.09040630020123047,0.0,46,15353,1967.7529041832559,3675.100755221313,0.11472671365173763,30.471012596029052,1,0,user_2,2021-09-08 09:17:26.391704
96.48004166666665,48.02200485236722,81.027,378.654840909091,617.374725098662,1.6304419180709322,191.22250000000003,0.12733844080568188,0.0,48,17480,2018.8092659077765,3522.461941888735,0.10038575065093049,28.855884024609967,1,0,user_2,2021-09-08 09:22:26.391704
149.91278260869566,250.1485176588204,88.882,408.4061818181818,337.45938270858704,0.8262837286307788,265.6395,2.5598401591285684,0.2608695652173913,23,14192,1985.5543629596518,2532.044729396908,0.03882811670251235,25.894655924699308,1,1,user_2,2021-09-08 10:27:26.391704
249.24325581395348,333.52591636605086,118.158,610.7233243243243,633.8916539984948,1.0379358847966105,328.10499999999996,0.08579222159675359,0.1590909090909091,44,15333,1604.1072488906257,2176.588110739266,0.10437025175344121,28.081188985162477,1,1,user_2,2021-09-08 10:32:26.391704
277.38637142857147,309.4634358407013,130.39000000000001,786.7295384615385,841.1429239019345,1.069164030051296,447.699,0.3106536124715336,0.102803738317757,107,19403,1645.5125610175253,2079.951188748803,0.12028302552165963,34.934929033707476,1,1,user_2,2021-09-08 10:37:26.391704
276.6125773195877,302.39155367974604,132.806,816.0030697674418,909.3095552766562,1.1143457530567946,486.8125,0.16766954239835508,0.10204081632653061,98,15471,1681.742785769392,2135.3577021797496,0.07582495547612776,27.746517636014463,1,0,user_2,2021-09-08 10:42:26.391704
388.18966666666665,362.6633906837985,185.3075,1041.1058974358975,1109.80984357686,1.0659913139577548,541.0899999999999,0.21016326520121953,0.10416666666666667,48,21898,1641.8262024091375,2271.1869168927956,0.13216779862254077,38.769816279722875,1,0,user_2,2021-09-08 10:47:26.391704
322.25557534246576,362.6809453866104,165.063,928.9407499999998,1018.359856441364,1.096259213993319,472.2155,0.12749266974520665,0.12,75,41078,1879.551560415454,2659.876437463759,0.23415997776564038,68.12717295964332,1,0,user_2,2021-09-08 10:52:26.391704
328.68055384615394,363.1663453222422,170.93599999999998,899.3421092436973,997.8993329371641,1.1095881341265657,441.347,0.2715745403012494,0.1111111111111111,135,39245,1910.7137439232376,2850.553804614458,0.2817684208746726,70.22174786388153,1,0,user_2,2021-09-08 10:57:26.391704
353.78999999999996,355.66613327853713,199.19400000000002,859.7741098901098,932.0292678923703,1.084039699696814,388.64700000000005,0.18095690276294135,0.10784313725490197,102,14939,1753.2249403661297,2818.290489255267,0.11488355558340725,26.149264690100157,1,0,user_2,2021-09-08 11:02:26.391704
287.3482777777778,331.60831712157994,128.8995,860.4842903225807,1171.7919266992524,1.3617818940773083,301.734,0.1002282872610218,0.0,37,10804,1763.1590122518821,1938.9691960589034,0.02876302524609824,18.688775653652332,1,0,user_2,2021-09-08 11:07:26.391704
289.4287215189873,308.666518733154,142.571,816.034378787879,886.6422090655503,1.086525558374821,509.733,0.21730031581837703,0.25925925925925924,81,12712,1599.0850703901176,2199.165721737712,0.08203923215057804,32.80510715285695,1,0,user_2,2021-09-08 13:52:26.391704
297.9884431818182,311.3241985533622,138.17399999999998,847.4558192771086,817.5168641116852,0.9646719575411474,605.427,0.1644384046118041,0.21978021978021978,91,10919,1653.619064103287,2195.560331630873,0.05544306465753567,18.803861897757333,1,0,user_2,2021-09-08 13:57:26.391704
277.7983870967742,333.97905716368814,123.5295,756.8225087719298,737.9219485783595,0.9750264296126187,540.983,0.3244311636401899,0.20634920634920634,63,8226,1627.2030899940098,1961.1634653920826,0.07505265215290888,21.13637965975196,1,0,user_2,2021-09-08 14:02:26.391704
359.9851764705882,327.5781983952951,199.6765,627.1570357142857,609.3827016923055,0.9716588780643487,424.305,0.06429814149550382,0.029411764705882353,34,8117,1686.3093127583256,2101.3467152656717,0.05552849485602701,13.506885703312994,1,0,user_2,2021-09-08 14:07:26.391704
182.26107960199005,212.0405089431112,101.51100000000001,485.1526439790576,604.6269879071932,1.2462613476621451,292.95,0.5691821377687071,0.009950248756218905,201,15955,1906.407350423028,2719.4098704994817,0.09305410870354365,28.67161302289186,1,0,user_2,2021-09-08 14:12:26.391704
159.9540625,193.98662919372285,97.6305,481.35041836734695,606.3330230142326,1.2596499345960972,287.057,0.3513410182458299,0.014423076923076924,208,21040,1984.9204195759482,3136.9361577973423,0.09738730758440346,34.87976793880712,1,0,user_2,2021-09-08 14:17:26.391704
134.272875,50.96151665840607,133.8045,1009.284857142857,796.8940642533,0.7895630838148059,944.29,0.20057866052099596,0.0,9,7950,2102.2236446981037,2935.4573056785302,0.042950120932134524,14.756167635031607,0,0,user_2,2021-09-08 15:12:26.391704
365.56809090909087,356.55516743795795,181.62900000000002,952.3138846153846,935.4493657826841,0.9822910081380242,706.9875,0.06430839064480265,0.02857142857142857,35,18678,1724.6041324995256,2585.198998013769,0.07836870412770279,32.952258978787036,0,0,user_2,2021-09-08 15:17:26.391704
342.00666438356166,339.27629497040493,177.23399999999998,912.4190615384615,900.1462033408214,0.9865490992955075,604.9185,0.33097643826938566,0.12751677852348994,149,21583,1484.7425013833745,1968.2985056290486,0.09852412138764542,43.900706421645005,0,0,user_2,2021-09-08 15:22:26.391704
295.53267647058817,336.3144165996454,153.81400000000002,798.5054305555556,816.5255782038377,1.022567345140965,528.7735,0.41578395818606,0.15767634854771784,241,25234,1798.9803852999578,2733.1201176298864,0.11500268071248741,41.50430079858495,0,0,user_2,2021-09-08 15:27:26.391704
304.9321658767773,359.4041040864142,142.571,834.7376157894738,1011.8355056323429,1.212159948818617,420.8695,0.4063311701183606,0.1712962962962963,216,30001,1953.663338476044,3174.9313142278734,0.1602395159961239,51.534421731449065,0,0,user_2,2021-09-08 15:32:26.391704
335.00854918032786,370.53839199264837,179.0285,941.6294862385321,1164.4676221677967,1.2366516121106423,425.754,0.21925205858604682,0.13178294573643412,129,21952,1825.7655754459563,3252.7041496446323,0.12333335491667044,35.946672957334435,0,0,user_2,2021-09-08 15:37:26.391704
266.4010804597702,287.4835809576973,148.42600000000002,669.442717948718,593.1126856541188,0.8859797406886627,446.2605,0.20536275265345036,0.01098901098901099,91,16460,1542.7421885897222,2610.449109050099,0.10170177547558451,26.91429117216985,1,0,user_2,2021-09-08 15:42:26.391704
295.21782868525895,360.0597369440445,143.542,828.268117647059,834.3434638124871,1.0073349994234801,554.164,0.4883417494310019,0.06666666666666667,255,20536,1799.5436511906985,2785.4210519105814,0.11369982520140005,34.06814615409597,1,0,user_2,2021-09-08 15:47:26.391704
297.28783161512024,357.21138241858375,140.61499999999998,852.8924798534798,910.3851586255832,1.067409058152301,488.252,0.49766084239660724,0.07744107744107744,297,18856,1961.603716134954,2712.5857822952394,0.09396239328782821,31.96429778936847,1,0,user_2,2021-09-08 15:52:26.391704
310.09726582278483,349.7384744480199,156.238,784.4011188811188,973.5845643452429,1.2411820188808222,425.753,0.27223438169581915,0.055900621118012424,161,16287,1639.9326429027128,2045.8703686276021,0.10176783050509772,26.806647550096887,1,0,user_2,2021-09-08 15:57:26.391704
279.34828571428574,350.1670698484903,131.3385,605.906688,729.8174001035753,1.2045046119437706,343.729,0.24259325662103667,0.16428571428571428,140,19973,1597.2110556797131,2116.35453422952,0.1183394005944018,32.89001960463846,1,0,user_2,2021-09-08 16:02:26.391704
219.9011145833333,256.63242940032546,124.9745,564.917243902439,492.609658682609,0.872003225250604,390.6,0.16014795749497046,0.21875,96,20109,1696.801575438573,2423.078108538469,0.08692480276231511,33.13673779148793,1,0,user_2,2021-09-08 16:07:26.391704
199.26064705882357,233.38003878485978,123.5255,720.0072719999998,831.7237712820591,1.1551602374400176,395.48,0.42516042503379453,0.1223021582733813,139,21480,1943.3723943870725,3118.0241263045177,0.10993661876383358,38.17864478513197,1,1,user_2,2021-09-08 16:12:26.391704
206.5348447204969,259.6935903027007,125.969,749.7344736842106,919.6717285187191,1.2266632531907375,380.8355,0.2859748427586277,0.13855421686746988,166,16681,2006.5142414153397,3123.4665037066266,0.08705250411240634,27.652562748629382,1,1,user_2,2021-09-08 16:17:26.391704
197.9673216374269,281.7416881392611,124.043,681.9728322981366,831.1648884444367,1.2187653951603135,388.64700000000005,0.4534777500170216,0.07428571428571429,175,15825,1705.7946233533903,2468.399440731498,0.11644020656527146,33.6253440959045,1,1,user_2,2021-09-08 16:22:26.391704
206.88562564102565,283.05378555895703,124.013,777.7353278688524,908.2498793541853,1.1678135823442255,455.048,0.4241824378567453,0.06532663316582915,199,22945,1703.557972947351,2282.0141033829545,0.1892948785778004,48.8230211259129,1,1,user_2,2021-09-08 16:27:26.391704
308.94111538461533,321.59076404682327,188.957,996.9503846153847,1138.510905586052,1.1419935466751239,567.349,0.17914428800305196,0.05660377358490566,106,25524,1865.790585568528,2362.422038096336,0.12648557067736704,43.297378254437625,1,1,user_2,2021-09-08 16:32:26.391704
414.374884057971,369.81437335930235,207.995,818.1819433962262,1004.7845267898603,1.2280697892440127,358.385,0.15160636477598732,0.0,71,26238,1646.0061105697787,2070.594833666092,0.1653834799150186,46.697463671222145,1,1,user_2,2021-09-08 16:37:26.391704
441.1136071428572,471.21397551205894,197.74099999999999,690.3486190476191,687.7871410758316,0.9962895877515897,450.1875,0.10383978804021947,0.034482758620689655,58,26242,1391.180211258939,1863.187633573,0.19659944115998715,43.90099417557885,1,0,user_2,2021-09-08 16:42:26.391704
398.9239215686274,444.2537751906153,196.275,694.3156388888889,708.9672402265606,1.0211022199660067,425.7395,0.14566318665222758,0.17647058823529413,51,22486,1639.8253172271081,2164.510137088776,0.18448661941451175,47.10558349050533,1,0,user_2,2021-09-08 16:47:26.391704
336.29126923076933,327.2651814614635,190.416,600.5469999999999,688.9886021054702,1.147268410474901,267.58799999999997,0.08167679058339486,0.2692307692307692,26,11138,1909.9660148223895,2314.1685663666817,0.11043449883485783,32.61996318286922,1,0,user_2,2021-09-08 16:52:26.391704
169.6063125,291.045705608293,92.76599999999999,549.7044000000001,637.5016339642701,1.1597171752022906,257.79600000000005,1.9404368359916104,0.0625,16,3879,1348.520106361975,2023.2082956454367,0.01366941361450119,6.477593376571751,0,0,user_2,2021-09-09 09:07:26.391704
122.6459846153846,150.2802980915467,94.722,592.1464285714287,822.9113352416042,1.389709192753054,278.303,0.9276990601338099,0.06153846153846154,65,6573,1989.0696060008715,2820.9427489980317,0.04234112361942914,15.25456592622211,0,0,user_2,2021-09-09 09:12:26.391704
107.312,51.633106487424,99.596,573.682914893617,859.5919778281016,1.4983747214914065,293.927,0.8204448562519497,0.061224489795918366,49,5320,1966.3738314784516,2618.24062733145,0.07330118851426672,25.762924389814273,0,0,user_2,2021-09-09 09:17:26.391704
118.54266666666666,51.875682286276174,116.20400000000001,496.9686428571428,483.10764030861174,0.9721088991272322,346.168,2.1559279178436235,0.06666666666666667,15,14617,2003.30585047189,2519.301026274138,0.13316682238412786,45.27671961060347,1,1,user_2,2021-09-09 09:52:26.391704
118.54266666666666,51.875682286276174,116.20400000000001,496.9686428571428,483.10764030861174,0.9721088991272322,346.168,2.1559279178436235,0.06666666666666667,15,17498,1982.3281291458577,2490.3850327645987,0.08534599008341848,28.513927941791515,1,1,user_2,2021-09-09 09:57:26.391704
114.93069767441861,42.95765257760079,106.43900000000001,576.7780975609755,756.1537504654,1.3109959508916014,308.587,1.2433945388029892,0.023255813953488372,43,7341,2146.1647816256796,2619.3943209483673,0.040087375914413505,12.16484828269473,1,1,user_2,2021-09-09 10:07:26.391704
107.7314177631579,49.71806020327074,100.5785,480.0727483221477,618.6555881880239,1.2886704991071096,283.674,0.9172270635212786,0.05211726384364821,307,12539,2187.0316662232995,2875.4118225297075,0.08606804168500601,24.09318339623225,1,1,user_2,2021-09-09 10:12:26.391704
108.31406690140845,60.5788166522042,100.577,456.0063835125448,577.4716520152633,1.2663674739969446,270.54,0.5776147105481515,0.05574912891986063,287,17324,2177.360824260087,2804.778864143077,0.10227632617906625,28.94249570323943,1,1,user_2,2021-09-09 10:17:26.391704
128.38539130434782,127.84735706008553,100.577,355.09109090909084,316.6440231093088,0.8917261829877193,212.3985,2.9441869205392113,0.043478260869565216,23,29959,1894.5630225494951,2244.549533362539,0.1459980825551595,49.58564762459601,1,1,user_2,2021-09-09 10:22:26.391704
68.3538,15.700554805483785,63.471,230.2095,175.33784061728755,0.7616446785093037,145.497,5.429836735669031,0.0,5,32543,1716.8044125654444,2109.878691556951,0.22641507036551212,54.1047534938363,1,1,user_2,2021-09-09 10:27:26.391704
75.31125,23.12938141813815,73.726,313.4563333333333,256.8075637964479,0.8192769980607014,174.79399999999998,0.11942094812410738,0.0,8,42194,2136.2288481706037,3152.50660268641,0.4115766534492968,86.37677746298338,1,1,user_2,2021-09-09 10:32:26.391704
121.93950000000001,42.36613163162966,116.20400000000001,1356.1953333333333,1615.905669905229,1.1914992112040121,485.31999999999994,0.5826831802964517,0.0,8,31033,1996.0384232744395,2969.0836985228893,0.29218398954884756,54.72086287704092,1,1,user_2,2021-09-09 10:42:26.391704
124.75734,177.43573465508663,90.325,547.7849462365592,782.3433767920852,1.4281943711067822,293.925,0.2967563671445203,0.06,100,17770,2320.686052810004,3638.765402570025,0.13337089427228477,30.42588478944096,1,1,user_2,2021-09-09 10:47:26.391704
120.58909999999999,162.92300367962136,93.745,490.7308018018017,629.312192810226,1.2823979878572918,292.94599999999997,0.23635382019556062,0.05,120,11734,2134.4972950694437,3314.0731116763345,0.08263842462284934,20.436306582795275,1,0,user_2,2021-09-09 10:52:26.391704
106.08835714285713,41.64130055713855,102.051,486.012125,442.36314136074776,0.9101895171046355,295.399,0.19090563595095664,0.0,28,16302,1891.8092112799645,2659.0697733066445,0.1152629994191426,28.08924367662863,1,0,user_2,2021-09-09 10:57:26.391704
408.1179411764706,528.4671290765716,147.45,948.6696666666667,1162.9600351377928,1.2258851273532088,481.42150000000004,0.22753738854214867,0.058823529411764705,17,11551,2059.4965483083924,3032.1541441429076,0.0647994650415364,39.70407221906139,1,0,user_2,2021-09-09 11:07:26.391704
320.45824999999996,462.6401166956835,132.307,1023.3147777777779,986.5566391539674,0.9640793435001161,769.265,0.05355436481194037,0.041666666666666664,24,21179,2175.2048377434817,3339.152619139655,0.11889937236091419,36.43289723238162,1,0,user_2,2021-09-09 11:12:26.391704
112.35763636363635,35.30367943507511,115.741,1675.30125,1228.5640444640762,0.7333391797230954,1411.963,0.039580253854650756,0.18181818181818182,11,25081,1834.845916132836,2820.59392494795,0.2574686798880601,41.186629409365985,1,0,user_2,2021-09-09 11:17:26.391704
206.74954545454545,319.1711880271663,99.601,350.7285,212.1642791166788,0.6049245473826017,290.0275,0.030871721343558308,0.18181818181818182,11,26723,2310.7052439237546,3547.9796522249335,0.11109410355950436,47.55186000422785,1,0,user_2,2021-09-09 11:42:26.391704
98.74625,32.534568357583694,87.39599999999999,374.5852,228.0318742077519,0.6087583658077039,348.60999999999996,0.08637528647578413,0.25,8,24487,2225.039633175448,3466.172064004643,0.10513146953093518,40.378828067302194,1,0,user_2,2021-09-09 11:47:26.391704
167.49094736842108,160.13952726935543,133.765,494.4150625,432.9890136978025,0.8757601589005037,294.395,0.1413910249812915,0.0,20,11802,1813.5036168690333,2353.6420576808036,0.03606338770984098,19.537769617850515,1,0,user_2,2021-09-09 12:02:26.391704
222.88572368421052,206.79169781527165,149.4015,976.3245373134328,1227.8566258793155,1.2576316367690885,415.989,0.19967945129097822,0.1518987341772152,79,23974,1504.2230861126081,1931.4574640857197,0.10678505854917976,42.82080847822108,1,0,user_2,2021-09-09 12:07:26.391704
322.9767391304348,290.57407814935726,197.2825,722.5435135135135,941.2023338036175,1.3026237398863791,318.82849999999996,0.23786116415316666,0.02127659574468085,94,28629,1458.072583244326,1942.4223237965075,0.1541420602158228,47.882283056932735,1,1,user_2,2021-09-09 12:17:26.391704
315.312870967742,348.15342049863045,166.97899999999998,894.7859487179487,942.3364368711475,1.053141746605799,577.1175000000001,0.18193878895432758,0.021052631578947368,95,28381,1840.2656225634469,2623.4470318859776,0.13650060621941454,47.20898743988492,1,1,user_2,2021-09-09 12:22:26.391704
324.6031475409836,387.33428299540077,163.076,846.7013877551021,835.0688502564929,0.986261345892616,586.89,0.11974745115763658,0.03225806451612903,62,25122,2130.87220119312,3352.68819501026,0.11977916987495016,47.000966007597505,1,1,user_2,2021-09-09 12:27:26.391704
449.4827368421053,419.51812840896434,262.682,659.3632307692308,983.257909806489,1.4912234469905064,205.068,0.11170206405475555,0.0,20,10099,1991.0576730860614,3574.8384933379716,0.04287201461861051,25.16082881469865,1,1,user_2,2021-09-09 12:32:26.391704
141.5489125,215.998931124242,96.1875,615.0458333333332,907.9356810111202,1.4762081649922356,315.3965,0.3495140578761191,0.037037037037037035,81,7343,1962.423926609025,2581.232841898362,0.04184986394788587,14.44816731534155,1,1,user_2,2021-09-09 12:37:26.391704
209.4763107569721,296.8450880156029,116.20400000000001,757.2538135593219,870.7784397100758,1.1499162158288168,419.8945,0.5061767960418165,0.0784313725490196,255,19127,2045.512961000607,3243.1750790198353,0.09992517226025031,35.65066192960515,1,1,user_2,2021-09-09 12:42:26.391704
248.1453198198198,322.8641645120369,127.921,785.2896555023923,804.513784396356,1.0244803032349445,502.899,0.40513551275143594,0.11013215859030837,227,24497,1901.8257774849296,3268.0530249606127,0.1239177698090279,40.53450724320715,0,0,user_2,2021-09-09 12:47:26.391704
317.9212747252747,327.8439389593796,167.94400000000002,717.4945,676.8355811035627,0.9433320828292938,494.5905,0.21056434989870199,0.08333333333333333,96,19920,1728.6931419180369,3071.5854376106754,0.1295717746956335,33.55056518730753,0,0,user_2,2021-09-09 12:52:26.391704
377.4304,328.9552925912344,208.9515,791.5034857142857,761.0044433552112,0.9614669513027464,505.827,0.28234998526953864,0.0,43,10976,1675.8559463141896,2762.095903957755,0.14101726098451134,27.83937126854226,0,0,user_2,2021-09-09 12:57:26.391704
224.6747105263158,279.95103736236683,122.06,520.0697666666667,536.2968086476949,1.0312016637402972,298.8085,0.06957811236496382,0.4473684210526316,38,6809,2200.278874494108,2901.440267275971,0.029182633312193045,12.805339497390309,0,0,user_2,2021-09-09 13:07:26.391704
251.7499047619048,273.4567196552385,126.946,682.7512909090909,685.9509627424968,1.00468643835026,423.802,0.20970421220867963,0.31746031746031744,63,5864,2056.1687532957,2956.887620737926,0.027827759913051607,11.278193553332487,0,0,user_2,2021-09-09 13:12:26.391704
537.847,675.1093683794253,171.86599999999999,898.615,1027.2379616899873,1.1431346702313976,300.752,0.08832101671520665,0.0,7,9615,2127.1454814044023,2924.9472955667643,0.1094053923051446,51.814393795716484,1,1,user_2,2021-09-09 13:47:26.391704
568.6693,673.2073238962621,183.584,831.3082857142857,886.5723087683849,1.06647837391229,300.752,0.028674085484129887,0.0,10,16629,1964.9473584710784,2633.425334847422,0.054523626369620874,32.865630339465916,1,1,user_2,2021-09-09 13:52:26.391704
320.6171851851851,357.25637075710955,176.74599999999998,751.6831363636363,886.284831037447,1.1790670671753576,387.1835,0.10561531765707861,0.2962962962962963,27,13846,1629.83698859014,2019.5898188813267,0.03803100021266071,23.193724084239488,1,1,user_2,2021-09-09 13:57:26.391704
212.12299999999996,213.74182535997198,125.967,791.8962093023255,827.683045047397,1.0451913209391421,423.803,0.21689663659741232,0.2708333333333333,48,15681,1814.8526162497308,2672.8153358621034,0.052094910271810575,25.68279076400261,1,1,user_2,2021-09-09 14:02:26.391704
221.7801176470588,283.8860332946404,113.27199999999999,808.8036428571429,902.5711579157539,1.1159335963514854,470.182,0.22907437554372947,0.14166666666666666,120,17634,1863.2286128596372,2747.30058854126,0.07788767506474178,30.53373879981207,1,1,user_2,2021-09-09 14:07:26.391704
241.52452631578944,310.3697087504637,111.318,806.1282808988764,939.9463588958148,1.1660009717655906,450.168,0.4593337830466255,0.125,96,13419,1797.963254681914,2460.3647897769283,0.07771176794379142,22.719467090411555,1,1,user_2,2021-09-09 14:12:26.391704
133.50616666666667,29.363392635869506,128.4045,752.2308333333333,590.9779091282167,0.785633721645572,529.2725,1.403233567119431,0.0,19,5679,2743.9430126609855,8334.522293030856,0.02552363198628707,35.28642122104188,1,1,user_2,2021-09-09 14:27:26.391704
176.17899999999997,126.14478180915769,141.59249999999997,1074.6789166666667,1261.0169883235521,1.1733895294371741,631.3175,0.06310287965363755,0.0,27,18229,1956.091678621983,4482.948453838497,0.037200257909825736,38.72984498505916,1,1,user_2,2021-09-09 14:32:26.391704
258.30970588235294,200.32203263862561,173.816,1210.6343846153848,1622.2182611103096,1.3399737209890037,423.803,0.059369155575911804,0.0,17,23228,1784.7912686019365,2570.1844037478118,0.06435528921227174,37.71897371936095,1,1,user_2,2021-09-09 14:37:26.391704
245.9691111111111,212.87373118203456,174.79500000000002,498.0154285714285,348.01451839679385,0.6988026844772328,411.10400000000004,0.03558872403546046,0.0,9,17419,1846.9162013433147,2738.0129834799163,0.09656657246648347,28.20929821297221,1,1,user_2,2021-09-09 14:42:26.391704
267.0482666666666,221.47934423245454,165.02700000000002,646.0771538461539,470.33223615614634,0.7279815318591863,533.168,0.37223780644913634,0.0,16,8910,1430.0272754796015,1704.1821039718204,0.12461788971837988,47.85326965185787,1,1,user_2,2021-09-09 15:47:26.391704
325.8703461538461,342.3202043821477,166.496,674.187380952381,656.9563998584288,0.974441851656121,506.806,0.059506466065168254,0.0,27,10768,1644.9567762633158,2064.389793614911,0.051806980866334985,22.142303622271573,1,1,user_2,2021-09-09 15:52:26.391704
249.75608333333335,337.70856690990325,122.0615,731.5704999999999,699.7465198536652,0.9564990931887839,532.194,0.07656190570316049,0.0,24,5018,2076.861272394038,2549.4985330423497,0.01031197070507303,12.910587322751434,1,1,user_2,2021-09-09 15:57:26.391704
116.06492857142855,23.220874976770645,108.877,739.3731666666666,551.9479538554721,0.7465079593621607,624.473,0.03125588392014797,0.0,14,7698,2078.362660072448,2887.5166367784377,0.016879467605792533,12.960055227727507,1,1,user_2,2021-09-09 16:02:26.391704
115.08384615384615,45.55696109422824,112.29400000000001,415.9071666666667,246.63597407066933,0.5930072714239579,417.4545,2.604747934535071,0.07692307692307693,13,15006,2224.457240774152,3104.703426748938,0.0844200764955639,27.254838174687382,0,0,user_2,2021-09-10 08:22:26.391704
115.08384615384615,45.55696109422824,112.29400000000001,415.9071666666667,246.63597407066933,0.5930072714239579,417.4545,2.604747934535071,0.07692307692307693,13,14092,2357.676958679213,3170.806111993803,0.12854903312616028,44.8314753027484,0,0,user_2,2021-09-10 08:27:26.391704
209.51433333333333,343.0669913319208,107.4505,432.6826818181817,291.7923016973654,0.6743794331476847,332.96250000000003,0.11492797394437254,0.041666666666666664,24,6108,2138.7358781897124,2935.664418127463,0.022347197683757654,12.323463740879449,0,0,user_2,2021-09-10 08:42:26.391704
147.63132142857143,213.23139197544765,99.134,392.92029999999994,330.5376565738795,0.8412333406390037,246.568,0.25921243781262177,0.05952380952380952,84,19179,1989.3048323217854,2647.992558058667,0.06803254485698916,36.06291815294234,0,0,user_2,2021-09-10 08:47:26.391704
120.72648275862066,100.13590304780361,106.4615,412.12443373493977,475.4142490786693,1.1535696749890707,269.02500000000003,0.33113832523185444,0.03428571428571429,175,30226,2254.871061066858,3151.7831998487977,0.1155244210228969,51.508373570402966,0,0,user_2,2021-09-10 08:52:26.391704
135.07709448818895,156.15234186618073,112.295,468.23542975206607,558.7434195212627,1.1932959020574783,318.341,0.48369369546533075,0.046875,128,27526,2521.2967171558284,3475.491444599444,0.15868489869597285,55.89624035494638,0,0,user_2,2021-09-10 08:57:26.391704
270.85153846153844,409.18863352974,128.862,716.7471666666667,673.4705013194151,0.9396207374651849,374.49800000000005,1.5114581315633617,0.3076923076923077,13,17810,2497.214834061749,3391.461624051834,0.08506434181750736,29.273809083119048,0,0,user_2,2021-09-10 09:02:26.391704
315.19860975609754,327.8614149188555,153.34,895.4432777777778,929.2429628599712,1.037746316177697,540.514,0.581797718657556,0.047619047619047616,42,14652,2035.2423148860398,2781.575879550209,0.08385417607842445,33.599902498090906,0,0,user_2,2021-09-10 09:07:26.391704
315.19860975609754,327.8614149188555,153.34,895.4432777777778,929.2429628599712,1.037746316177697,540.514,0.581797718657556,0.047619047619047616,42,9385,1752.9680383112448,2398.5088632215447,0.05941562681191358,23.035933645202327,0,0,user_2,2021-09-10 09:12:26.391704
149.0672291666667,184.22461963641126,94.7545,434.40430232558134,679.7774920180212,1.5648498147436287,301.73699999999997,0.18524606195816973,0.0,48,11580,1775.77885366666,2722.848199789902,0.07435721581496511,36.60314771552326,0,0,user_2,2021-09-10 10:07:26.391704
511.2945,437.74118092624093,297.5,493.68449999999996,604.8569771191093,1.2251893205460356,203.5795,0.011553355235311268,0.0,6,7823,1793.1933288766916,2460.707405066256,0.043423471268385076,12.943534704999399,0,0,user_2,2021-09-10 10:12:26.391704
365.1614642857142,381.6134554609554,171.3755,1175.0822173913045,1333.230000332854,1.1345844406467482,452.094,0.10850813439186732,0.0,30,20303,1822.3396674600428,2863.024356915989,0.14516371583488577,39.300133554541915,0,0,user_2,2021-09-10 10:17:26.391704
349.17825,381.3493869251604,156.727,1262.9077000000002,1394.25765866066,1.1040059844917087,588.33,0.1285762768154665,0.0,26,21988,1864.9156890770273,3082.448445001856,0.1446806524301328,38.20804302895763,0,0,user_2,2021-09-10 10:22:26.391704
200.38726190476189,238.8893380978569,116.4525,848.2433684210525,1133.1545348470115,1.3358837534519152,362.77,0.16253215788514427,0.09302325581395349,43,14637,1967.6294988456066,2782.309343608093,0.09802126235310424,23.925638122980978,0,0,user_2,2021-09-10 10:32:26.391704
168.70263157894738,208.46442343375472,121.129,787.0553220338985,879.4282108148103,1.1173651790349413,522.918,0.2627350484008864,0.029411764705882353,136,16792,2066.525200271085,2965.227000637174,0.11209226313418627,31.095153740969945,1,1,user_2,2021-09-10 10:37:26.391704
154.07895604395603,192.49707516496116,125.96499999999999,757.991,735.7747584366815,0.9706906261903921,544.9680000000001,0.4376914541251869,0.0,93,6348,2512.5773202900896,3575.369917587373,0.05136260035080399,20.268966163436023,1,1,user_2,2021-09-10 10:42:26.391704
250.5518235294118,299.32615279079033,144.2775,1006.8455614035087,1072.580693073653,1.065288197306558,563.448,0.44815925891345737,0.014492753623188406,69,6925,2175.248052792824,2960.4444553927387,0.03738355864735484,11.697655351290488,1,1,user_2,2021-09-10 10:47:26.391704
238.35762686567165,322.91390543650346,129.876,921.0045219780221,991.404744726339,1.0764385201900202,543.4815,0.4573352394831584,0.009615384615384616,208,24265,2091.4932515634764,2972.1254582115257,0.188270485981434,50.29332248850707,1,1,user_2,2021-09-10 10:52:26.391704
217.537669527897,316.7836820996877,120.11,813.75123853211,862.9669610238052,1.0604800584764371,521.3305,0.5612316150944104,0.016597510373443983,241,28514,2266.258567281731,3191.307559312005,0.19251604663361577,48.51920043149172,1,1,user_2,2021-09-10 10:57:26.391704
171.5106788321168,254.4396552515516,116.20400000000001,759.4374959999998,830.7270997712284,1.0938715880460406,490.184,0.23677059825636168,0.02158273381294964,139,20981,2357.5749017835715,3395.2863739938502,0.13203697393854902,36.05651785685061,1,1,user_2,2021-09-10 11:02:26.391704
141.77717187500002,181.29643032633763,111.80950000000001,533.8332033898306,710.4634520548074,1.3308716047322986,263.65700000000004,0.2720363807895701,0.007692307692307693,130,18104,2151.434395532808,3037.2755678784574,0.11359725461672894,32.82777437045052,0,0,user_2,2021-09-10 11:07:26.391704
133.85761643835616,168.78263968263462,101.5575,437.63985401459854,476.57999491003517,1.08897759319273,258.77299999999997,0.3724091220587807,0.033783783783783786,148,14096,2264.676642015654,3071.951105603799,0.07271496910267382,24.20369685846143,0,0,user_2,2021-09-10 11:12:26.391704
92.48851785714285,33.025756705935976,85.44300000000001,484.88009803921574,533.6055025143296,1.100489594586687,294.906,0.09447497730436899,0.07142857142857142,56,11367,2499.155565066989,3343.878830345761,0.05233132190188581,19.03847252933768,0,0,user_2,2021-09-10 11:17:26.391704
213.98527586206902,276.68243975912895,124.99000000000001,796.0154782608696,751.4968134395556,0.9440731166200711,694.4630000000001,0.09994985033492178,0.20689655172413793,29,15233,2649.1497141734917,3667.5879200074382,0.0870343336981716,25.80823977485194,0,0,user_2,2021-09-10 11:22:26.391704
211.80126666666672,272.06062326506327,124.99100000000001,752.7930869565216,754.9566781665453,1.002874084854805,531.216,0.09095777729972392,0.2,30,9714,2591.388532466157,3714.2850831986325,0.11239535566514548,33.866125603854144,0,0,user_2,2021-09-10 11:27:26.391704
339.1708888888889,385.84054345365405,174.834,384.18100000000004,217.91152037161015,0.5672105605732978,312.33500000000004,0.01588971116731761,0.0,9,6123,2261.1276410848886,3140.815729645754,0.032539411287534556,24.815368533156043,0,0,user_2,2021-09-10 11:32:26.391704
450.1621,654.7712684559649,151.3395,424.9172857142857,283.058138558562,0.6661487966598992,416.965,0.03894540531435526,0.0,10,20006,1980.5136495330573,2748.224405981961,0.1486829931025277,48.35365929783516,0,1,user_2,2021-09-10 12:02:26.391704
286.1766774193548,354.7018696970163,159.17000000000002,657.9728846153846,844.2912644126231,1.283170301016508,306.6185,0.20716952788056095,0.0,31,19874,2042.6087209588952,2790.551365353426,0.19004787797246797,57.42954490977255,0,1,user_2,2021-09-10 12:07:26.391704
265.09934782608696,245.09143282078682,165.025,715.7740999999999,949.2076972688383,1.326127471319287,277.3245,0.4966373119466624,0.0,23,15086,2345.201279118034,3225.2830173828875,0.09537103864155902,24.947055897292017,0,1,user_2,2021-09-10 12:12:26.391704
223.94036956521742,261.8932148963992,132.8055,752.4953953488372,915.6437175782048,1.216809728322306,278.255,0.44902147425137945,0.0851063829787234,47,27789,2435.9794884390058,3402.885271012636,0.18975265116250065,70.68286255803149,0,1,user_2,2021-09-10 12:17:26.391704
250.50467346938777,319.5393172269251,138.667,743.3985333333334,897.9148104272576,1.207851199814838,278.255,0.22601309567791134,0.08,50,23640,2670.7227803004607,3641.7123103281065,0.1343279692593129,64.34035588808312,0,1,user_2,2021-09-10 12:22:26.391704
277.2950714285714,201.84306508897754,174.785,681.2202608695652,670.0388877442601,0.9835862587072318,280.25899999999996,0.20297889506640657,0.0,28,11849,2205.3011147215784,4650.3693918961435,0.14214090745920324,36.90293826324159,0,0,user_2,2021-09-13 11:47:26.391704
229.87785714285712,180.11474539084335,165.023,619.3370714285714,652.800603933372,1.054031211836897,284.1645,0.1941429314119582,0.1,50,16672,1865.4631813895473,2271.4483460303627,0.17668615664346798,42.09483665307203,0,0,user_2,2021-09-13 11:52:26.391704
180.83649504950495,303.03684182530105,94.709,671.9793870967743,851.8403792658861,1.2676584961127824,362.282,0.17716818787674124,0.05660377358490566,106,17386,2251.7192739410793,3053.2650770112054,0.0983852651756791,28.413331073362645,0,0,user_2,2021-09-13 11:57:26.391704
197.42324770642205,301.3119390520382,101.537,767.3454455445547,934.5664363268293,1.2179213960976918,433.568,0.2142977394502937,0.008695652173913044,115,28035,2214.437836926586,3084.3671945127453,0.17021240025577228,47.8956851985018,0,0,user_2,2021-09-13 12:02:26.391704
232.91037931034478,178.07813671259464,163.071,842.56332,999.1363407847848,1.1858293816834857,436.49399999999997,0.12060874783262676,0.0,31,27402,1893.0612014205935,2477.067030441585,0.15204461257600824,45.37111488463191,0,0,user_2,2021-09-13 12:07:26.391704
191.1101014492754,286.73337240185094,99.6035,528.0687557251907,629.287816674228,1.191677806822777,303.691,0.5379448139644635,0.0979020979020979,143,28807,1762.22488450845,2039.694480273398,0.19688438608324804,48.579082218366636,0,0,user_2,2021-09-13 12:12:26.391704
211.5460201342282,306.28682044973635,101.556,519.2115328467153,618.1285982254998,1.1905139988637106,300.74899999999997,0.26832343705717976,0.09032258064516129,155,33425,1801.4746039986253,2394.786608828826,0.22660966890749498,55.257508820487615,1,1,user_2,2021-09-13 12:17:26.391704
380.30245454545457,344.4295530296336,204.09,597.2078421052632,677.7626841857671,1.1348857740992377,237.294,0.07298896056366519,0.0,36,31955,1720.468254213794,2527.704854126919,0.20707962047209508,57.6799208350371,1,1,user_2,2021-09-13 12:22:26.391704
226.609494736842,299.8339478071393,147.45,745.6899882352942,916.5589024634672,1.2291420254046073,401.341,0.188785746865264,0.019417475728155338,103,32342,1841.2089243613814,2371.691540083821,0.214549682350563,53.09434170419088,1,1,user_2,2021-09-13 12:27:26.391704
193.494301369863,295.22315716244805,130.85,749.8843472222222,943.353131249855,1.25799816297579,434.0545,0.4044917239175634,0.02531645569620253,79,29079,1785.5265522739005,2276.240482319462,0.23835173964917483,47.643679203720374,1,1,user_2,2021-09-13 12:32:26.391704
246.60899999999995,250.8176001591595,146.476,636.8008749999999,447.024166797481,0.7019842219869453,411.5965,0.12445417228539542,0.09090909090909091,11,28917,1526.4580860082165,1860.1541307043788,0.29625811191742696,47.78961362410381,1,1,user_2,2021-09-13 12:37:26.391704
246.60899999999995,250.8176001591595,146.476,636.8008749999999,447.024166797481,0.7019842219869453,411.5965,0.12445417228539542,0.09090909090909091,11,20731,1579.5708014208954,1955.8504886995934,0.23883174787959205,39.44575964979069,1,1,user_2,2021-09-13 12:42:26.391704
224.0188105263158,311.3167326573241,132.804,543.715288888889,610.671355476026,1.1231454549015263,307.1,0.7639870372665395,0.010309278350515464,97,15779,1826.9291985157263,2318.3043470059647,0.10676495804587563,26.082345610113524,1,1,user_2,2021-09-13 12:47:26.391704
226.9121826086957,295.7203452757524,140.61399999999998,604.886462264151,750.8779798779202,1.2413535873613508,317.85,0.24615120356872083,0.06722689075630252,119,19662,2019.8971932349662,2974.203534526629,0.1267599848196783,36.306329980442186,1,1,user_2,2021-09-13 12:52:26.391704
357.42140476190474,457.0801203873561,155.75150000000002,779.8605999999999,930.8948936669426,1.1936683218346238,446.261,0.2774390971526457,0.18181818181818182,44,18927,2338.339638163249,4064.052960068529,0.0933336663789662,30.620109262756554,1,1,user_2,2021-09-13 12:57:26.391704
397.19188888888885,470.1367301257782,187.986,710.199,859.2639501064461,1.2098918051228547,517.544,0.11800477719395097,0.027777777777777776,36,18492,2414.518400276831,4275.614336889386,0.18328458901200834,47.05250991439262,1,1,user_2,2021-09-13 13:02:26.391704
292.8802142857143,150.8895135450891,232.406,825.3864166666666,1244.985659346065,1.5083670317400608,492.6445,0.8890009876800974,0.0,14,14504,2354.4230897540915,3535.718355146268,0.10667313123620814,23.8814472555061,1,1,user_2,2021-09-13 13:07:26.391704
112.8973846153846,53.55574099502456,96.18400000000001,490.5746956521738,863.920043074191,1.7610366998764357,240.203,0.5136532896796524,0.038461538461538464,26,19580,1924.0231823107817,2984.557223051993,0.10801380248121575,36.777752255358514,1,0,user_2,2021-09-13 13:22:26.391704
104.63913157894736,47.71505957025549,88.869,532.3291176470588,778.5663426077977,1.462565763919,273.4135,0.10371169868288653,0.13157894736842105,38,27192,2071.562939336811,3044.2447626417675,0.12294911184055222,46.632346940200435,1,0,user_2,2021-09-13 13:27:26.391704
92.5245,24.651134218594443,88.85499999999999,742.0938888888891,859.2667008400681,1.1578948616954894,318.8275,0.07826970631715152,0.2,20,26146,2041.3243931726693,2593.6293286207965,0.14238725249328188,51.261388498310545,1,0,user_2,2021-09-13 13:32:26.391704
101.191875,22.759028942613398,101.323,934.531142857143,1201.938236121062,1.2861403767095176,189.486,1.22292033988625,0.0,8,17881,1953.4332500736973,2555.751286783985,0.10066953928505151,30.27934990089024,1,0,user_2,2021-09-13 13:37:26.391704
254.25254545454547,365.33958338657027,152.333,965.404,1301.0776929764802,1.3477028197277825,286.11199999999997,0.07548032149344946,0.0,13,16656,2187.7904344790845,3088.1112015214085,0.08421836702802961,27.888070057661725,1,0,user_2,2021-09-13 13:42:26.391704
261.07892,407.17678603995427,132.80100000000002,707.6062,899.1142363349433,1.270642111862422,366.1885,0.05427200172075211,0.037037037037037035,27,30131,2446.154563432992,3217.4337342858325,0.1614587298229017,53.72090738385323,1,1,user_2,2021-09-13 13:47:26.391704
198.67240909090913,368.21180622902864,87.8845,486.63999999999993,369.0230805330813,0.7583081549668778,395.48299999999995,0.13297825077846073,0.045454545454545456,22,27999,2626.015507460382,3659.5403235815384,0.21045929622172085,61.59589760156555,1,1,user_2,2021-09-13 13:52:26.391704
263.4603333333333,320.7363747547346,137.682,834.3378333333335,971.0369675052478,1.163841466502575,592.2489999999999,0.03298499666871325,0.0,15,14446,2528.0520719008314,3771.93931835106,0.10642690969033747,26.248912812418578,1,1,user_2,2021-09-13 13:57:26.391704
276.7048863636364,264.04187768875863,164.5405,786.8282368421053,1139.324912468153,1.447996982214028,257.79650000000004,0.11228681728330506,0.0,46,12930,1806.5926815284715,2503.9866174277204,0.07679171701195628,24.42744518150329,1,1,user_2,2021-09-13 14:02:26.391704
290.1819672131148,247.392257072378,181.649,765.12726,1100.2554423291765,1.4380031922129877,244.131,0.19695612068671997,0.0,63,15995,1582.037545869854,2231.4411860873615,0.07846979849012319,28.378693867904783,1,1,user_2,2021-09-13 14:07:26.391704
249.16317460317458,270.32876333359167,112.297,641.9616071428572,955.4504633789081,1.488329602188016,315.416,0.12286095206484592,0.0,63,12029,1321.296333477657,1505.5895917247897,0.08864577497341634,20.089566022406785,1,1,user_2,2021-09-13 14:12:26.391704
205.4604761904762,315.84751949011786,88.37299999999999,528.7372307692307,880.1715453120627,1.664667237507655,237.28,0.3138119511022701,0.0,42,16060,1558.800140652738,1960.0355271870185,0.10985136394593394,28.550369489548228,1,0,user_2,2021-09-13 14:17:26.391704
434.98474999999996,428.5586071095423,219.712,695.1935384615385,756.7453143596391,1.0885390506279942,207.02100000000002,0.04044964316441981,0.0,21,15027,1656.6440137912573,2108.054526160739,0.06593621613469657,24.65507281775077,1,0,user_2,2021-09-13 14:22:26.391704
432.74500000000006,385.7173742338927,252.90200000000002,700.5254615384615,753.4349006618085,1.0755282170717246,207.02100000000002,0.03580004984798941,0.0,21,5512,1833.477194502782,2332.069742146416,0.024445177781670355,10.737544340598705,1,0,user_2,2021-09-13 14:27:26.391704
265.2302631578947,387.02346535982275,128.89999999999998,903.9341509433964,1035.2637736371157,1.1452867142552987,448.217,0.1948220711548839,0.016129032258064516,62,12615,1906.6099993564821,2347.762113080601,0.0663680535069028,21.574856972915008,1,0,user_2,2021-09-13 14:32:26.391704
293.28118446601945,395.2728745506876,134.756,900.4802291666666,1103.8759586316082,1.2258747309234879,417.94100000000003,0.18318059582602864,0.046296296296296294,108,21892,1723.394778684748,2072.6899997737814,0.12494599296222259,37.29637889922344,1,0,user_2,2021-09-13 14:37:26.391704
331.5942988505747,397.72670046174767,141.59199999999998,881.8673076923075,1106.640103542194,1.2548827855270854,398.90049999999997,0.2147029532895415,0.06741573033707865,89,19606,1590.399565847232,1849.5172370047846,0.11343958345974972,32.31137468878538,1,0,user_2,2021-09-13 14:42:26.391704
376.009294117647,395.2776148307564,164.05,860.2016341463415,969.4231028547792,1.1269719381745054,335.90500000000003,0.08744198560570392,0.038461538461538464,52,15558,1522.4329879998268,1807.3859826105129,0.08169219779308927,24.76940780840668,1,0,user_2,2021-09-13 14:47:26.391704
286.4536231884058,379.07301919105333,111.321,736.5956101694915,770.7590538488446,1.0463801890856939,415.014,0.1556435269583268,0.06944444444444445,72,12969,1378.3471969531477,1649.2219138919088,0.08579869241555661,25.53808056341184,1,0,user_2,2021-09-13 14:52:26.391704
219.22623720930235,337.49339418797257,94.721,694.4055329949239,881.7208215577796,1.2697491302452295,342.754,0.38234097053049615,0.21818181818181817,220,20303,1487.1296970941303,1664.0738040950118,0.13815022974888636,33.78110069140147,1,0,user_2,2021-09-13 14:57:26.391704
214.85801456310682,326.05545812044227,94.719,665.5080846560847,864.9940269608269,1.299749840616633,311.49100000000004,0.37341262338044173,0.2037914691943128,211,22280,1699.3664370912381,2532.2017967052775,0.13029361292398825,38.68839941592965,1,0,user_2,2021-09-13 15:02:26.391704
236.4173214285714,326.66522783052307,112.7845,583.3778333333333,648.1992532216622,1.1111139576866487,330.053,0.12633901800098885,0.0,59,10759,1820.8027109666982,2875.065144850345,0.043694217685961594,21.92201321615673,1,0,user_2,2021-09-13 15:07:26.391704
382.05987500000003,427.86720927490626,187.9755,306.81720000000007,222.08335802959215,0.7238295572399204,249.006,0.06278133000646695,0.0,8,2624,1530.608824718921,1518.2351563053219,0.027666604331501556,17.333127613685726,1,0,user_2,2021-09-13 15:12:26.391704
149.93649090909088,187.0111039013531,102.53099999999999,520.3747346938775,504.7980571374464,0.9700664222954744,393.52799999999996,0.23763319812838904,0.05357142857142857,56,16459,2005.0191068612123,2671.687823111817,0.11480436412061569,36.9154604302943,1,1,user_2,2021-09-13 15:37:26.391704
142.27524137931033,162.35368184320834,101.551,540.0414936708861,589.6555906252933,1.0918708979511178,337.86899999999997,0.19184216775126925,0.06818181818181818,88,21013,2005.320922942106,2710.4064030597415,0.1138074639534021,33.03763733000232,1,1,user_2,2021-09-13 15:42:26.391704
209.63713265306126,265.2544869297476,102.52799999999999,776.3504831460673,927.6907935850119,1.194938128750376,337.885,0.197100314328414,0.12121212121212122,99,18217,1681.9386710783733,2006.2554360984925,0.10873918658006136,28.767370037395924,1,1,user_2,2021-09-13 15:47:26.391704
265.61590476190474,329.84071327251104,121.084,901.7758468468468,1091.38922122146,1.2102666367009232,424.77799999999996,0.2449305494738843,0.1328125,128,21267,1674.0230347771499,1906.8085594691681,0.1383683815831604,34.36370421173115,1,1,user_2,2021-09-13 15:52:26.391704
271.10848421052634,352.5826984372833,124.018,858.6419176470588,1099.9207986638141,1.2810005848281123,354.471,0.16570704869324285,0.09183673469387756,98,17420,1605.6939616990746,1970.4203256108806,0.10010992570391919,28.33110897420913,1,1,user_2,2021-09-13 15:57:26.391704
268.3984460431655,329.9394233671874,141.59199999999998,836.1017698412697,982.133816392061,1.1746582196309845,410.6295,0.42439879554545884,0.09154929577464789,142,20577,1488.2722959147418,1975.2943029230378,0.10348715577929071,33.38629177253827,1,0,user_2,2021-09-13 16:02:26.391704
280.706296803653,354.55137717247374,133.779,869.4047029702971,993.2211225234327,1.1424151711281527,499.4875,0.3883170476209185,0.12217194570135746,221,23855,1552.8151568716314,2036.2371286337132,0.14520808657625248,38.9858676580242,1,0,user_2,2021-09-13 16:07:26.391704
275.7042023809524,367.15830322462426,124.9905,819.1008580645163,928.0253133925585,1.1329805166917097,447.23400000000004,0.31256478293547485,0.1111111111111111,171,22454,1893.8004165230336,2885.6906705832234,0.13899469767213907,37.04794815181606,1,0,user_2,2021-09-13 16:12:26.391704
269.04595774647896,325.385375580115,149.404,726.7980847457628,824.7607127064458,1.1347865796797618,333.973,0.15052649050512157,0.05405405405405406,74,15946,2102.7315813949995,3257.2927080661398,0.08369540063284484,26.727869981688897,1,0,user_2,2021-09-13 16:17:26.391704
302.3121058823529,325.76334655770705,169.911,856.403644736842,902.8172524385164,1.0541959483555636,574.181,0.16151735867433015,0.13186813186813187,91,13239,1781.3804626283315,2669.745258761966,0.04666709934845613,21.476865793007345,1,0,user_2,2021-09-13 16:22:26.391704
319.19306944444446,357.77891991702796,167.4765,837.3710923076923,859.9363110422177,1.026947692536577,570.276,0.26714814673068243,0.15584415584415584,77,17169,1686.0219124098037,2431.432825561518,0.06667873816139502,30.147800289242632,1,0,user_2,2021-09-13 16:27:26.391704
295.6350416666667,353.96377999984804,143.54500000000002,777.4407000000001,1205.0065473964994,1.5499658654306356,306.13300000000004,0.04173007392013132,0.0,24,14875,1541.207813472407,2150.308052640479,0.037185674060859916,24.42084631051382,1,1,user_2,2021-09-13 16:32:26.391704
218.83763157894737,238.90402683393148,123.036,844.2926666666667,1255.2068670941198,1.4866963988326163,328.59400000000005,1.2502247114415566,0.0,19,13871,1545.450818126459,1899.5940290607307,0.037384281241033934,28.16490210609229,1,1,user_2,2021-09-13 16:37:26.391704
690.7794,737.2267180239062,160.159,894.718,488.7342883646832,0.5462439431918026,1098.5629999999999,1.397088244564209,0.0,5,15381,1667.582697275242,2020.6722473574578,0.030713902430378304,24.854372377827243,1,1,user_2,2021-09-13 16:42:26.391704
385.91217499999993,485.3984637127119,159.6585,910.3493225806452,1061.527556451814,1.16606617934598,456.026,0.07991867507591745,0.0,40,16241,1770.1353086478673,2260.2925004330114,0.06193456145357146,27.182194242523178,1,1,user_2,2021-09-13 16:47:26.391704
275.579610619469,303.0989386357152,149.40200000000002,765.8302291666665,937.7775109815141,1.2245240201629948,353.004,0.19620415012650488,0.10619469026548672,113,22192,1930.3285432860878,2706.387207201547,0.10552274079143592,37.186554250840054,1,1,user_2,2021-09-13 16:52:26.391704
245.61417948717943,215.60748198542936,148.428,708.373115942029,854.470011785471,1.2062428578322812,340.80100000000004,0.420233329707474,0.15384615384615385,78,14452,1975.6861695682132,2764.4075394465904,0.12522710762118158,49.541235187246336,1,1,user_2,2021-09-13 16:57:26.391704
213.91733333333335,200.15766676107637,172.837,1047.6547999999998,1174.6094603135848,1.1211798583976182,798.781,0.3138176713680634,0.0,20,16352,2199.0715914097946,3478.6210416635363,0.21343882086150293,75.33462381537743,1,1,user_2,2021-09-14 08:57:26.391704
173.8395405405405,133.83805627482013,157.215,877.8178857142857,1208.818621481607,1.3770722164062354,413.06,0.1545270589352737,0.0,42,36352,2362.4556840410155,3647.7478115056415,0.24420422732326041,70.44022096293982,1,1,user_2,2021-09-14 09:02:26.391704
227.07460416666666,234.5591889982587,158.191,686.7799743589744,970.1544324208738,1.4126131638104256,344.705,0.12056044633285638,0.020833333333333332,48,44775,2551.764842711827,3541.380866592745,0.2759867156150423,74.67796641544584,1,1,user_2,2021-09-14 09:07:26.391704
327.95218750000004,325.71758662904216,179.67450000000002,592.9575454545454,550.3051797481905,0.9280684324985549,307.11,0.06061083600526102,0.03125,32,41831,2416.1785133457547,3322.5329569815794,0.20643031366925046,69.58379865886823,1,1,user_2,2021-09-14 09:12:26.391704
437.4738888888889,384.60223927209665,203.112,361.79375,323.7903544068548,0.8949583966192197,211.4125,0.07540921691332211,0.0,9,32499,2023.4758891557335,2929.768379375817,0.14880007751246824,53.66499874151916,1,1,user_2,2021-09-14 09:17:26.391704
389.15741304347824,414.28875258488097,153.3125,867.4221351351352,857.1540989041767,0.9881625844960034,573.209,0.21762458449799513,0.020833333333333332,48,41827,2291.4983808129437,3478.8667699069883,0.3024430416669659,73.8049975503181,1,1,user_2,2021-09-14 09:27:26.391704
301.0658378378378,345.65355979100303,153.3125,795.2708032786884,731.2146689823225,0.9194536829061501,573.209,0.1730212342313114,0.013157894736842105,76,45067,2260.6639388256212,3139.2891851705494,0.2827513224170599,74.81365759290681,1,1,user_2,2021-09-14 09:32:26.391704
146.91556097560974,42.741010966663374,138.65800000000002,669.9369411764706,431.4290923758374,0.6439846287894029,566.3725,0.08322581032282447,0.0,41,21757,2322.2792428526286,3672.5484655695527,0.08212992039711459,36.78564913786597,1,1,user_2,2021-09-14 09:37:26.391704
145.39766666666665,129.8979598506548,124.98649999999999,550.6937222222222,273.2338988967695,0.49616309006426457,502.92150000000004,0.06334040711962222,0.041666666666666664,24,22083,2258.48365342028,3348.4215981925436,0.055013645126090034,36.46571131782101,1,1,user_2,2021-09-14 09:42:26.391704
142.87,185.1680815979543,89.854,396.0254444444444,188.9195904062831,0.4770390212459828,490.203,0.03676953635540814,0.07692307692307693,13,27349,2303.352008664193,3103.0275405935854,0.07161482526870999,46.49507274826629,1,1,user_2,2021-09-14 09:47:26.391704
240.03862500000002,235.96876956734127,167.469,1124.5633333333333,1797.4474927144513,1.5983515018105854,348.37649999999996,0.033180760592206066,0.0,8,20070,2351.4923964510117,3210.1282745611334,0.08764868620871646,38.81862924754932,1,1,user_2,2021-09-14 09:52:26.391704
124.82709352517986,122.79426498574655,102.57900000000001,458.41740000000004,603.5557936883843,1.316607514654514,221.086,0.3885551890273734,0.3262411347517731,141,34230,2016.6703737905773,2786.004771408208,0.13226690179998737,61.74108753605244,0,0,user_2,2021-09-14 10:47:26.391704
226.8482794759825,344.40130218603866,109.418,536.1599158878505,725.8280797298501,1.3537529722413504,255.1735,0.4629441941275794,0.23529411764705882,238,44417,1848.2170577383965,2425.4329739274654,0.18333751465091747,73.1450015270015,0,0,user_2,2021-09-14 10:52:26.391704
334.1378378378379,452.3512565908678,137.638,693.3626699029127,861.3758130387482,1.2423163957750443,346.656,0.5305624687420583,0.0847457627118644,118,36361,1966.938814809498,2641.3033525196183,0.23224168124717695,68.54175389332667,0,0,user_2,2021-09-14 10:57:26.391704
346.2832765957446,422.3858337412506,171.96800000000002,919.6519111111112,881.7074609703405,0.9587404215852423,577.111,0.3498264860629128,0.10909090909090909,55,16082,2093.7744177609743,2743.0489820713447,0.0927108142975863,30.100741727761235,0,0,user_2,2021-09-14 11:07:26.391704
362.33825190839696,379.1190093099921,176.74599999999998,1065.4334152542372,1063.5642486901943,0.9982456279883085,629.327,0.3351609805241737,0.07142857142857142,140,24498,1757.4664258988419,2496.820392979479,0.0983389073464999,40.105606585957304,0,0,user_2,2021-09-14 11:12:26.391704
386.17769767441854,387.889097912916,184.601,1148.0747945205483,1162.7000062051923,1.012738901467436,623.669,0.2686485601757258,0.04597701149425287,87,37503,2671.439399123556,4108.296380348793,0.09336545847417874,64.13688300184556,0,1,user_2,2021-09-14 11:17:26.391704
219.43342105263162,353.0047636066021,121.15799999999999,904.6935000000001,1203.8092067192495,1.3306265676930908,316.7145,0.07916779094233713,0.15384615384615385,39,32444,2990.235061059644,4257.8459744209495,0.08876465113874078,62.32436309737065,0,1,user_2,2021-09-14 11:22:26.391704
216.6829655172414,230.25534068248191,128.695,889.9588653846155,1153.4783274913477,1.2961029687510854,352.0475,0.17471950907584782,0.1016949152542373,59,23512,2294.6422678867816,3086.3136467781846,0.10404616802351568,39.225405344865415,0,1,user_2,2021-09-14 11:27:26.391704
275.51336585365857,301.032565409008,150.38150000000002,811.0943768115941,1000.1636383349698,1.2331038987924015,405.249,0.1471138418646337,0.1566265060240964,83,43778,2461.360903097024,3465.2696316585666,0.19007693205427453,72.39263364853063,0,1,user_2,2021-09-14 11:32:26.391704
278.60632467532463,325.4833333273053,157.216,808.3179230769231,970.77386102413,1.2009802496136746,479.4,0.14206196398683538,0.24050632911392406,79,42328,2442.4064127681822,3650.302816321617,0.16003166920045697,69.56209920901946,0,1,user_2,2021-09-14 11:37:26.391704
346.85948717948713,291.09458121907767,187.4875,843.9585967741938,1065.8086018495414,1.2628683515083678,424.4935,0.1464871544097768,0.11392405063291139,79,35483,2221.0317690363695,3712.029484672909,0.15338222545151825,58.00015479600944,0,1,user_2,2021-09-14 11:42:26.391704
383.9041904761905,354.52656513428593,187.487,818.5474696969698,1026.7317142985492,1.2543337464333624,376.94500000000005,0.14198913890999085,0.047058823529411764,85,37954,2212.815291213988,3570.986318780392,0.14826249848772252,63.74946601642212,0,0,user_2,2021-09-14 11:47:26.391704
168.87013043478262,265.8918500316765,95.6965,456.49925954198477,688.4945856481548,1.5082052626743268,248.1,0.3109559930380756,0.02877697841726619,139,35449,2196.1597318220765,3224.2249323560395,0.09340476509446315,58.47138294913393,0,0,user_2,2021-09-14 11:52:26.391704
167.24717037037038,214.93681287332424,95.69500000000001,469.9856220472441,666.3881460762574,1.4178904945506408,259.788,0.2378277805206957,0.022058823529411766,136,35149,1952.987452408619,2821.3552155155858,0.10782379521644765,60.649087745998195,0,0,user_2,2021-09-14 11:57:26.391704
414.7885185185186,298.88114312421163,339.62149999999997,1120.478025,1125.445853461697,1.0044336688010433,530.982,0.0946531039805788,0.0,55,32844,1886.4507659716046,2650.8153104561925,0.09504682275788384,51.24857983580355,0,0,user_2,2021-09-14 12:02:26.391704
322.464223880597,329.3214881622801,168.934,1043.0975087719298,1230.6436853507819,1.179797358350185,424.782,0.1451989758971031,0.013888888888888888,72,24183,2276.2460316068596,3206.477085922279,0.08242533583378833,45.439910140369875,0,0,user_2,2021-09-14 12:07:26.391704
349.3306707317073,409.1250003290538,172.3655,1093.84196,1285.129427136715,1.1748766952921748,569.408,0.18227850796218953,0.022222222222222223,90,24561,2305.9287707818826,2983.125552256005,0.07848124287691925,40.51969871598559,0,0,user_2,2021-09-14 12:12:26.391704
391.92959770114953,399.88807309294367,191.90099999999998,926.039418918919,1135.1374510493288,1.2257981980664667,418.428,0.16957489080323823,0.011111111111111112,90,25871,2122.8311173544885,2872.714047396096,0.09058093072876072,45.5355667063523,1,1,user_2,2021-09-14 12:17:26.391704
259.49768674698794,356.57019915432613,122.06400000000001,617.2722450331125,770.4427040135644,1.2481408490547559,344.742,0.3301769595206585,0.15476190476190477,168,25662,2112.2820295040397,8042.455775426173,0.09504418065374902,42.14292319022549,1,1,user_2,2021-09-14 12:22:26.391704
196.96728773584906,301.9559725843683,100.5875,533.4608805970149,697.0396427491736,1.3066368464902092,298.81600000000003,0.4391488863491445,0.18807339449541285,218,24986,2303.507077105393,5171.60063723898,0.09074352601438458,42.86759070275687,1,1,user_2,2021-09-14 12:27:26.391704
141.7721780104712,180.07145298236108,95.22999999999999,553.8432402234637,759.0449388202103,1.370505016029359,297.882,0.34027895066539043,0.16751269035532995,197,18363,2106.592277486253,2778.8121742224516,0.05170507500605879,29.8538431462402,1,1,user_2,2021-09-14 12:32:26.391704
138.0948292682927,165.54474951270643,100.577,767.494855855856,1020.0180485572243,1.329022651780216,344.703,0.29262951100915763,0.168,125,17411,1884.9394830068434,2327.3922782090717,0.05009595813987081,27.92348706716399,1,1,user_2,2021-09-14 12:37:26.391704
156.73942574257424,249.93246209999796,97.694,827.1923444444444,1159.7201476566233,1.401995745542725,303.692,0.17551630750252015,0.09900990099009901,101,20451,2113.405889195984,3101.809643134858,0.04837984047081259,33.33037354366775,1,1,user_2,2021-09-14 12:42:26.391704
177.7391103896104,282.6250946993175,98.15950000000001,765.0340633802817,1089.1518808332469,1.423664556870657,302.40549999999996,0.2759216302218979,0.07006369426751592,157,21423,2047.08285195887,3222.0398005253965,0.05107666154870005,36.04139494414771,0,1,user_2,2021-09-14 12:47:26.391704
223.20668926553674,333.4543112882584,117.178,767.6950185185186,975.9754455388598,1.27130621144615,390.18,0.30354798523949117,0.09392265193370165,181,22026,2062.148719586076,3024.4100254748996,0.056653567594655056,38.703238787086065,0,1,user_2,2021-09-14 12:52:26.391704
241.93053191489358,355.36071030072736,117.43199999999999,722.9925764705883,841.4307638136489,1.1638166022689151,401.15,0.3412789267683303,0.08900523560209424,191,19304,2097.953474132599,3761.890224752438,0.05347526363480438,31.84284839253742,0,1,user_2,2021-09-14 12:57:26.391704
212.63103773584905,303.3888211599872,106.44000000000001,671.206787671233,797.8239889276089,1.188641121606766,392.53499999999997,0.2693246874331848,0.13664596273291926,161,18176,1878.6232234669571,2777.2729214349943,0.06884629629473096,33.989034001284814,0,1,user_2,2021-09-14 13:02:26.391704
153.45887134502925,207.43241528764423,99.63,669.3860503144654,832.0010947822702,1.2429316302474653,362.358,0.2902495325349873,0.19186046511627908,172,29093,1995.0177751363065,2837.240359553761,0.09293673497531896,48.49438831012143,0,1,user_2,2021-09-14 13:07:26.391704
177.45753846153846,278.6857133364246,101.338,669.2238938053098,811.5499639025222,1.21267332415154,341.381,0.22097935896077517,0.17557251908396945,131,39004,2212.3409343260714,3396.657565191994,0.10355040030194468,66.71234539452786,0,1,user_2,2021-09-14 13:12:26.391704
200.48505128205127,311.17563476709904,103.0425,547.5537185185186,735.3578098236204,1.3429875187647915,241.18200000000002,0.29318176046806604,0.16025641025641027,156,36964,2253.447648142375,3516.571391834298,0.10509732713141216,61.25839602527915,1,0,user_2,2021-09-14 13:17:26.391704
174.55958778625958,265.4549148879471,95.696,595.0401637931034,890.817420158469,1.497071079168713,232.6635,0.3947515009619748,0.1297709923664122,131,34904,2089.585388240735,3256.0607588879743,0.10895101422105238,58.03066251303161,1,0,user_2,2021-09-14 13:22:26.391704
192.51899999999998,331.39828382131714,95.186,904.9860714285716,1122.9992970830367,1.240902299535195,446.3055,0.037875373617319026,0.4090909090909091,22,39248,1859.7424456785634,2926.5599211531826,0.073395230589424,64.53442456917354,1,0,user_2,2021-09-14 13:27:26.391704
156.89872,256.96919246239844,89.83350000000002,564.9377435897438,663.0283330248581,1.1736307948055023,375.988,0.1330124849639166,0.35294117647058826,51,38362,1849.5199287808662,2854.5849862613295,0.09902154711382694,63.368755158928195,1,0,user_2,2021-09-14 13:32:26.391704
189.93376000000004,272.3037519539242,106.907,802.749370786517,1013.0076866343182,1.261922741392864,375.988,0.3853589035236531,0.10784313725490197,102,30206,1856.7634633458101,2547.3021611749177,0.14372433959115097,53.39359215811259,1,0,user_2,2021-09-14 13:37:26.391704
211.06709090909087,288.1211282248447,112.247,798.9332898550724,1003.8680451840667,1.2565104720647824,306.666,0.21717939343109627,0.0641025641025641,78,15478,1705.1561106893112,2714.921424859885,0.0798514364718801,26.39784335712784,1,0,user_2,2021-09-14 13:42:26.391704
259.29267605633794,339.9197955185805,135.36599999999999,903.7687187500001,1186.9368529473213,1.3133192467526098,447.19399999999996,0.14564538885846084,0.10526315789473684,76,33646,2077.80518674973,2970.865073081061,0.09767848849989558,54.880153530105126,1,0,user_2,2021-09-14 15:12:26.391704
206.9484867256637,278.9750967559366,112.296,758.5270882352943,904.0597352504705,1.1918621619087546,489.20500000000004,0.2852681511318417,0.06086956521739131,115,29132,2144.0097408656666,3019.644708830326,0.10766613267511935,48.83769957868072,1,0,user_2,2021-09-14 15:17:26.391704
207.30030962343096,271.37927192340396,107.444,831.8354932126696,988.7118776068626,1.1885906356175229,514.615,0.4274127905715933,0.0778688524590164,244,32912,2393.8877829042626,3255.563654483582,0.16546566754619024,54.48333162293646,1,0,user_2,2021-09-14 15:22:26.391704
205.2753878326996,276.8762769860955,104.448,941.1367661290323,1133.560508687293,1.2044588517667993,503.37850000000003,0.4649164365635512,0.09712230215827339,278,37120,2411.2316991478724,3274.172935409839,0.232606689222011,62.27577192681855,1,0,user_2,2021-09-14 15:27:26.391704
190.5160138888889,234.88567056509376,116.22550000000001,915.7549547738693,1193.1520369074417,1.3029162776433694,355.495,0.3863165927023692,0.15151515151515152,231,33856,2004.8790253925597,2695.449256907721,0.20022369226457085,56.094602322760736,1,0,user_2,2021-09-14 15:32:26.391704
227.25482959641255,278.9490027496673,124.99000000000001,699.3209497487437,958.1918658552361,1.3701746904615129,329.082,0.38227891497520705,0.21929824561403508,228,29581,2008.3392605330607,2727.330410845518,0.15837610015957976,48.61312716477206,1,0,user_2,2021-09-14 15:37:26.391704
211.58716562499998,263.742629899423,105.95400000000001,686.6209573770492,832.1032486723589,1.2118815188092489,363.226,0.560357992682454,0.18507462686567164,335,36620,1978.0732995852766,2785.400838921659,0.2416749528952183,60.38540374754316,1,0,user_2,2021-09-14 15:42:26.391704
204.50457664233576,235.4397901951865,102.999,754.7621305970149,881.3946078060849,1.1677779953121177,387.20349999999996,0.5685157766460698,0.18620689655172415,290,42214,2044.32265598642,2958.2515253067,0.26197559746033783,69.61208901178581,1,0,user_2,2021-09-14 15:47:26.391704
272.80261157024796,293.6734305895005,160.144,886.4853423423424,1055.3394568955914,1.1904759238399691,384.781,0.23122947658600726,0.1732283464566929,127,35307,2083.181806413333,2813.477946564225,0.1699706180880049,58.78290781994071,1,0,user_2,2021-09-14 15:52:26.391704
382.7328055555555,358.84937392913986,190.41649999999998,865.868172043011,987.9020506766678,1.1409381734701238,438.44899999999996,0.18909951066855912,0.036036036036036036,111,32909,1794.5328100318327,2454.782604553782,0.1379420632707615,55.60427540560042,1,0,user_2,2021-09-14 15:57:26.391704
284.74426056338024,318.70120114825886,162.077,691.9730465116279,816.2433747928569,1.179588394241221,369.079,0.25430042649773743,0.027972027972027972,143,24177,1805.9842424528972,2489.1028266372455,0.0836189318439379,39.94476374184914,1,0,user_2,2021-09-14 16:02:26.391704
